c,"maxiter, (maxiter +1)* [itr, n, m, tri, tet, K5, D, E]"
1.0,"[4, 0, 1500, 29189, 9930, 65, 0, 10996, 7403, 1, 1500, 21786, 2465, 3, 0, 3577, 2096, 2, 1500, 19690, 366, 0, 0, 688, 349, 3, 1500, 19341, 17, 0, 0, 45, 17, 4, 1500, 19324, 0, 0, 0, 0, 0]"
1.01,"[5, 0, 1500, 29716, 10335, 64, 0, 11128, 7614, 1, 1500, 22102, 2661, 4, 0, 3755, 2242, 2, 1500, 19860, 415, 0, 0, 757, 387, 3, 1500, 19473, 28, 0, 0, 63, 27, 4, 1500, 19446, 1, 0, 0, 3, 1, 5, 1500, 19445, 0, 0, 0, 0, 0]"
1.02,"[5, 0, 1500, 29575, 10177, 74, 0, 10999, 7556, 1, 1500, 22019, 2552, 5, 0, 3611, 2155, 2, 1500, 19864, 392, 0, 0, 766, 378, 3, 1500, 19486, 14, 0, 0, 28, 13, 4, 1500, 19473, 1, 0, 0, 3, 1, 5, 1500, 19472, 0, 0, 0, 0, 0]"
1.03,"[5, 0, 1500, 30117, 10785, 78, 0, 11084, 7678, 1, 1500, 22439, 3033, 4, 0, 3941, 2470, 2, 1500, 19969, 559, 0, 0, 1023, 522, 3, 1500, 19447, 37, 0, 0, 93, 36, 4, 1500, 19411, 1, 0, 0, 3, 1, 5, 1500, 19410, 0, 0, 0, 0, 0]"
1.04,"[4, 0, 1500, 30305, 10891, 78, 0, 11242, 7853, 1, 1500, 22452, 2966, 6, 0, 3878, 2419, 2, 1500, 20033, 541, 0, 0, 993, 506, 3, 1500, 19527, 35, 0, 0, 79, 35, 4, 1500, 19492, 0, 0, 0, 0, 0]"
1.05,"[5, 0, 1500, 30509, 11456, 80, 0, 11180, 7944, 1, 1500, 22565, 3437, 5, 0, 4235, 2698, 2, 1500, 19867, 734, 0, 0, 1217, 657, 3, 1500, 19210, 77, 0, 0, 158, 68, 4, 1500, 19142, 9, 0, 0, 3, 1, 5, 1500, 19141, 8, 0, 0, 0, 0]"
1.06,"[4, 0, 1500, 30743, 11617, 96, 0, 11470, 8057, 1, 1500, 22686, 3469, 5, 0, 4285, 2719, 2, 1500, 19967, 745, 0, 0, 1209, 661, 3, 1500, 19306, 84, 0, 0, 183, 84, 4, 1500, 19222, 0, 0, 0, 0, 0]"
1.07,"[5, 0, 1500, 30889, 11541, 76, 0, 11534, 8119, 1, 1500, 22770, 3356, 10, 0, 4207, 2676, 2, 1500, 20094, 671, 1, 0, 1174, 619, 3, 1500, 19475, 51, 0, 0, 103, 50, 4, 1500, 19425, 1, 0, 0, 3, 1, 5, 1500, 19424, 0, 0, 0, 0, 0]"
1.08,"[5, 0, 1500, 31418, 12156, 107, 0, 11425, 8200, 1, 1500, 23218, 3858, 9, 0, 4501, 2951, 2, 1500, 20267, 899, 1, 0, 1410, 785, 3, 1500, 19482, 113, 0, 0, 229, 110, 4, 1500, 19372, 3, 0, 0, 9, 3, 5, 1500, 19369, 0, 0, 0, 0, 0]"
1.09,"[5, 0, 1500, 31768, 12478, 95, 0, 11725, 8461, 1, 1500, 23307, 3931, 9, 0, 4543, 2972, 2, 1500, 20335, 950, 0, 0, 1506, 846, 3, 1500, 19489, 104, 0, 0, 214, 101, 4, 1500, 19388, 3, 0, 0, 9, 3, 5, 1500, 19385, 0, 0, 0, 0, 0]"
1.1,"[6, 0, 1500, 31855, 12881, 121, 0, 11597, 8399, 1, 1500, 23456, 4373, 12, 0, 4776, 3219, 2, 1500, 20237, 1145, 3, 0, 1675, 980, 3, 1500, 19257, 162, 0, 0, 314, 155, 4, 1500, 19102, 7, 0, 0, 9, 6, 5, 1500, 19096, 1, 0, 0, 3, 1, 6, 1500, 19095, 0, 0, 0, 0, 0]"
1.11,"[5, 0, 1500, 32285, 13196, 111, 0, 11908, 8665, 1, 1500, 23620, 4427, 7, 0, 4880, 3270, 2, 1500, 20350, 1150, 0, 0, 1766, 1006, 3, 1500, 19344, 144, 0, 0, 309, 140, 4, 1500, 19204, 4, 0, 0, 8, 4, 5, 1500, 19200, 0, 0, 0, 0, 0]"
1.12,"[5, 0, 1500, 32279, 13157, 116, 0, 11713, 8570, 1, 1500, 23709, 4478, 7, 0, 4813, 3246, 2, 1500, 20463, 1226, 1, 0, 1776, 1036, 3, 1500, 19427, 189, 0, 0, 381, 178, 4, 1500, 19249, 11, 0, 0, 27, 11, 5, 1500, 19238, 0, 0, 0, 0, 0]"
1.1300000000000001,"[6, 0, 1500, 32788, 13938, 127, 0, 11865, 8804, 1, 1500, 23984, 5019, 12, 0, 5132, 3515, 2, 1500, 20469, 1494, 2, 0, 2045, 1239, 3, 1500, 19230, 253, 0, 0, 492, 239, 4, 1500, 18991, 14, 0, 0, 30, 13, 5, 1500, 18978, 1, 0, 0, 3, 1, 6, 1500, 18977, 0, 0, 0, 0, 0]"
1.1400000000000001,"[6, 0, 1500, 32923, 14069, 115, 0, 11926, 8852, 1, 1500, 24071, 5115, 13, 0, 5178, 3597, 2, 1500, 20474, 1507, 2, 0, 2059, 1242, 3, 1500, 19232, 263, 0, 0, 490, 242, 4, 1500, 18990, 21, 0, 0, 39, 20, 5, 1500, 18970, 1, 0, 0, 3, 1, 6, 1500, 18969, 0, 0, 0, 0, 0]"
1.1500000000000001,"[7, 0, 1500, 33641, 14809, 134, 0, 12031, 9043, 1, 1500, 24598, 5651, 19, 0, 5243, 3758, 2, 1500, 20840, 1878, 4, 0, 2294, 1445, 3, 1500, 19395, 429, 0, 0, 699, 365, 4, 1500, 19030, 64, 0, 0, 124, 56, 5, 1500, 18974, 8, 0, 0, 12, 7, 6, 1500, 18967, 1, 0, 0, 3, 1, 7, 1500, 18966, 0, 0, 0, 0, 0]"
1.1600000000000001,"[5, 0, 1500, 33729, 15228, 160, 0, 12020, 9121, 1, 1500, 24608, 5972, 25, 0, 5474, 3942, 2, 1500, 20666, 2006, 1, 0, 2465, 1568, 3, 1500, 19098, 437, 0, 0, 727, 396, 4, 1500, 18702, 41, 0, 0, 87, 41, 5, 1500, 18661, 0, 0, 0, 0, 0]"
1.1700000000000002,"[6, 0, 1500, 34120, 15832, 171, 0, 12149, 9309, 1, 1500, 24811, 6382, 30, 0, 5597, 4095, 2, 1500, 20716, 2260, 3, 0, 2710, 1731, 3, 1500, 18985, 526, 0, 0, 900, 474, 4, 1500, 18511, 52, 0, 0, 90, 49, 5, 1500, 18462, 3, 0, 0, 9, 3, 6, 1500, 18459, 0, 0, 0, 0, 0]"
1.1800000000000002,"[6, 0, 1500, 34318, 15749, 154, 0, 12150, 9239, 1, 1500, 25079, 6381, 25, 0, 5494, 4008, 2, 1500, 21071, 2352, 4, 0, 2696, 1760, 3, 1500, 19311, 589, 1, 0, 879, 511, 4, 1500, 18800, 77, 0, 0, 161, 74, 5, 1500, 18726, 3, 0, 0, 7, 3, 6, 1500, 18723, 0, 0, 0, 0, 0]"
1.1900000000000002,"[6, 0, 1500, 34585, 16548, 198, 0, 11999, 9291, 1, 1500, 25294, 7096, 37, 0, 5635, 4236, 2, 1500, 21058, 2828, 5, 0, 2993, 1992, 3, 1500, 19066, 832, 1, 0, 1199, 690, 4, 1500, 18376, 141, 0, 0, 269, 133, 5, 1500, 18243, 8, 0, 0, 24, 8, 6, 1500, 18235, 0, 0, 0, 0, 0]"
1.2000000000000002,"[6, 0, 1500, 34729, 16609, 169, 0, 12167, 9447, 1, 1500, 25282, 7017, 24, 0, 5768, 4298, 2, 1500, 20984, 2699, 4, 0, 2945, 1950, 3, 1500, 19034, 745, 0, 0, 1084, 619, 4, 1500, 18415, 126, 0, 0, 195, 90, 5, 1500, 18325, 36, 0, 0, 23, 12, 6, 1500, 18313, 24, 0, 0, 0, 0]"
1.2100000000000002,"[6, 0, 1500, 34865, 16770, 173, 0, 12154, 9462, 1, 1500, 25403, 7163, 28, 0, 5654, 4260, 2, 1500, 21143, 2882, 7, 0, 3036, 2035, 3, 1500, 19108, 842, 2, 0, 1148, 686, 4, 1500, 18422, 154, 0, 0, 268, 139, 5, 1500, 18283, 15, 0, 0, 35, 15, 6, 1500, 18268, 0, 0, 0, 0, 0]"
1.2200000000000002,"[6, 0, 1500, 35363, 17488, 200, 0, 12261, 9570, 1, 1500, 25793, 7769, 51, 0, 5727, 4385, 2, 1500, 21408, 3344, 11, 0, 3166, 2258, 3, 1500, 19150, 1076, 1, 0, 1435, 876, 4, 1500, 18274, 199, 0, 0, 376, 190, 5, 1500, 18084, 9, 0, 0, 21, 9, 6, 1500, 18075, 0, 0, 0, 0, 0]"
1.2300000000000002,"[6, 0, 1500, 35640, 18061, 205, 0, 12340, 9754, 1, 1500, 25886, 8146, 44, 0, 5924, 4562, 2, 1500, 21324, 3547, 7, 0, 3325, 2370, 3, 1500, 18954, 1171, 1, 0, 1562, 934, 4, 1500, 18020, 236, 0, 0, 412, 219, 5, 1500, 17801, 17, 0, 0, 39, 17, 6, 1500, 17784, 0, 0, 0, 0, 0]"
1.2400000000000002,"[8, 0, 1500, 36021, 18549, 233, 0, 12139, 9617, 1, 1500, 26404, 8733, 34, 0, 5867, 4591, 2, 1500, 21813, 4117, 9, 0, 3536, 2583, 3, 1500, 19230, 1527, 2, 0, 1759, 1124, 4, 1500, 18106, 401, 0, 0, 613, 339, 5, 1500, 17767, 62, 0, 0, 106, 50, 6, 1500, 17717, 12, 0, 0, 14, 10, 7, 1500, 17707, 2, 0, 0, 6, 2, 8, 1500, 17705, 0, 0, 0, 0, 0]"
1.2500000000000002,"[7, 0, 1500, 36640, 19759, 273, 0, 11965, 9682, 1, 1500, 26958, 9865, 61, 0, 5938, 4731, 2, 1500, 22227, 5089, 16, 0, 3565, 2749, 3, 1500, 19478, 2325, 1, 0, 2183, 1540, 4, 1500, 17938, 784, 0, 0, 1050, 644, 5, 1500, 17294, 140, 0, 0, 261, 132, 6, 1500, 17162, 8, 0, 0, 24, 8, 7, 1500, 17154, 0, 0, 0, 0, 0]"
1.2600000000000002,"[7, 0, 1500, 36649, 19499, 212, 0, 12369, 9907, 1, 1500, 26742, 9429, 49, 0, 6080, 4787, 2, 1500, 21955, 4602, 9, 0, 3688, 2745, 3, 1500, 19210, 1850, 2, 0, 2023, 1347, 4, 1500, 17863, 502, 1, 0, 708, 423, 5, 1500, 17440, 78, 0, 0, 146, 69, 6, 1500, 17371, 9, 0, 0, 15, 9, 7, 1500, 17362, 0, 0, 0, 0, 0]"
1.2700000000000002,"[7, 0, 1500, 36874, 19657, 245, 0, 12302, 9905, 1, 1500, 26969, 9559, 52, 0, 6039, 4821, 2, 1500, 22148, 4697, 11, 0, 3679, 2746, 3, 1500, 19402, 1943, 3, 0, 2000, 1350, 4, 1500, 18052, 591, 1, 0, 804, 486, 5, 1500, 17566, 104, 0, 0, 194, 100, 6, 1500, 17466, 4, 0, 0, 12, 4, 7, 1500, 17462, 0, 0, 0, 0, 0]"
1.2800000000000002,"[8, 0, 1500, 37335, 20761, 302, 1, 12178, 9910, 1, 1500, 27425, 10621, 71, 0, 6093, 4952, 2, 1500, 22473, 5624, 26, 0, 3835, 2959, 3, 1500, 19514, 2646, 7, 0, 2319, 1652, 4, 1500, 17862, 989, 2, 0, 1163, 762, 5, 1500, 17100, 225, 0, 0, 360, 198, 6, 1500, 16902, 27, 0, 0, 57, 25, 7, 1500, 16877, 2, 0, 0, 6, 2, 8, 1500, 16875, 0, 0, 0, 0, 0]"
1.2900000000000003,"[8, 0, 1500, 37568, 21219, 279, 0, 11921, 9809, 1, 1500, 27759, 11196, 65, 0, 6052, 4954, 2, 1500, 22805, 6193, 16, 0, 3861, 3051, 3, 1500, 19754, 3132, 6, 0, 2530, 1863, 4, 1500, 17891, 1264, 1, 0, 1404, 919, 5, 1500, 16972, 344, 0, 0, 483, 285, 6, 1500, 16687, 59, 0, 0, 85, 49, 7, 1500, 16638, 10, 0, 0, 16, 10, 8, 1500, 16628, 0, 0, 0, 0, 0]"
1.3000000000000003,"[8, 0, 1500, 37601, 21106, 312, 0, 12033, 9841, 1, 1500, 27760, 11023, 70, 0, 5958, 4860, 2, 1500, 22900, 6113, 20, 0, 3859, 3087, 3, 1500, 19813, 3009, 3, 0, 2550, 1870, 4, 1500, 17943, 1136, 0, 0, 1317, 858, 5, 1500, 17085, 278, 0, 0, 416, 231, 6, 1500, 16854, 47, 0, 0, 71, 37, 7, 1500, 16817, 10, 0, 0, 6, 2, 8, 1500, 16815, 8, 0, 0, 0, 0]"
1.3100000000000003,"[9, 0, 1500, 38136, 21834, 290, 0, 12199, 10045, 1, 1500, 28091, 11579, 80, 0, 6108, 5051, 2, 1500, 23040, 6473, 25, 0, 4006, 3168, 3, 1500, 19872, 3283, 3, 0, 2627, 1953, 4, 1500, 17919, 1328, 1, 0, 1441, 949, 5, 1500, 16970, 379, 1, 0, 559, 319, 6, 1500, 16651, 59, 0, 0, 101, 51, 7, 1500, 16600, 8, 0, 0, 10, 6, 8, 1500, 16594, 2, 0, 0, 6, 2, 9, 1500, 16592, 0, 0, 0, 0, 0]"
1.3200000000000003,"[8, 0, 1500, 38412, 22635, 357, 0, 11944, 10005, 1, 1500, 28407, 12371, 98, 0, 6028, 5069, 2, 1500, 23338, 7237, 33, 0, 4051, 3294, 3, 1500, 20044, 3922, 12, 0, 2774, 2138, 4, 1500, 17906, 1775, 3, 0, 1673, 1178, 5, 1500, 16728, 594, 0, 0, 785, 477, 6, 1500, 16251, 117, 0, 0, 206, 108, 7, 1500, 16143, 9, 0, 0, 23, 9, 8, 1500, 16134, 0, 0, 0, 0, 0]"
1.3300000000000003,"[8, 0, 1500, 38862, 23351, 381, 0, 12060, 10067, 1, 1500, 28795, 13022, 119, 0, 5962, 5050, 2, 1500, 23745, 7889, 36, 0, 3975, 3302, 3, 1500, 20443, 4562, 11, 0, 2848, 2256, 4, 1500, 18187, 2298, 3, 0, 1945, 1434, 5, 1500, 16753, 861, 0, 0, 981, 633, 6, 1500, 16120, 228, 0, 0, 336, 189, 7, 1500, 15931, 39, 0, 0, 61, 29, 8, 1500, 15902, 10, 0, 0, 0, 0]"
1.3400000000000003,"[9, 0, 1500, 38962, 23483, 374, 0, 11958, 10030, 1, 1500, 28932, 13183, 104, 0, 5986, 5063, 2, 1500, 23869, 8044, 28, 0, 4054, 3372, 3, 1500, 20497, 4653, 9, 0, 2940, 2296, 4, 1500, 18201, 2349, 1, 0, 1964, 1430, 5, 1500, 16771, 918, 0, 0, 1067, 688, 6, 1500, 16083, 230, 0, 0, 351, 196, 7, 1500, 15887, 34, 0, 0, 63, 30, 8, 1500, 15857, 4, 0, 0, 8, 4, 9, 1500, 15853, 0, 0, 0, 0, 0]"
1.3500000000000003,"[8, 0, 1500, 39226, 23797, 408, 0, 11925, 10077, 1, 1500, 29149, 13442, 130, 0, 6087, 5192, 2, 1500, 23957, 8168, 48, 0, 4174, 3428, 3, 1500, 20529, 4706, 14, 0, 3008, 2371, 4, 1500, 18158, 2326, 5, 0, 1958, 1427, 5, 1500, 16731, 895, 1, 0, 1032, 663, 6, 1500, 16068, 231, 0, 0, 353, 203, 7, 1500, 15865, 28, 0, 0, 74, 28, 8, 1500, 15837, 0, 0, 0, 0, 0]"
1.3600000000000003,"[10, 0, 1500, 39657, 24673, 399, 0, 11881, 10077, 1, 1500, 29580, 14303, 106, 0, 6068, 5187, 2, 1500, 24393, 9049, 39, 0, 4084, 3430, 3, 1500, 20963, 5594, 14, 0, 2972, 2455, 4, 1500, 18508, 3130, 5, 0, 2212, 1678, 5, 1500, 16830, 1448, 1, 0, 1329, 929, 6, 1500, 15901, 519, 1, 0, 603, 371, 7, 1500, 15530, 147, 0, 0, 174, 105, 8, 1500, 15425, 42, 0, 0, 50, 30, 9, 1500, 15395, 12, 0, 0, 8, 4, 10, 1500, 15391, 8, 0, 0, 0, 0]"
1.3700000000000003,"[9, 0, 1500, 39843, 24941, 401, 0, 11778, 10028, 1, 1500, 29815, 14637, 125, 0, 6045, 5187, 2, 1500, 24628, 9376, 51, 0, 4178, 3516, 3, 1500, 21112, 5828, 19, 0, 3113, 2547, 4, 1500, 18565, 3268, 6, 0, 2242, 1724, 5, 1500, 16841, 1538, 0, 0, 1436, 1006, 6, 1500, 15835, 532, 0, 0, 673, 406, 7, 1500, 15429, 126, 0, 0, 185, 93, 8, 1500, 15336, 33, 0, 0, 25, 13, 9, 1500, 15323, 20, 0, 0, 0, 0]"
1.3800000000000003,"[10, 0, 1500, 40084, 25529, 451, 0, 11737, 9995, 1, 1500, 30089, 15227, 144, 0, 5899, 5148, 2, 1500, 24941, 10007, 72, 0, 4090, 3505, 3, 1500, 21436, 6462, 32, 0, 3186, 2634, 4, 1500, 18802, 3806, 10, 0, 2403, 1883, 5, 1500, 16919, 1918, 5, 0, 1584, 1144, 6, 1500, 15775, 770, 1, 0, 832, 544, 7, 1500, 15231, 225, 0, 0, 303, 172, 8, 1500, 15059, 53, 0, 0, 59, 28, 9, 1500, 15031, 25, 0, 0, 3, 1, 10, 1500, 15030, 24, 0, 0, 0, 0]"
1.3900000000000003,"[10, 0, 1500, 40302, 25887, 443, 0, 11659, 9960, 1, 1500, 30342, 15626, 142, 0, 5874, 5104, 2, 1500, 25238, 10444, 64, 0, 4061, 3507, 3, 1500, 21731, 6900, 27, 0, 3101, 2617, 4, 1500, 19114, 4268, 12, 0, 2436, 1926, 5, 1500, 17188, 2332, 2, 0, 1720, 1285, 6, 1500, 15903, 1047, 2, 0, 1052, 731, 7, 1500, 15172, 314, 0, 0, 408, 244, 8, 1500, 14928, 70, 0, 0, 96, 54, 9, 1500, 14874, 16, 0, 0, 11, 6, 10, 1500, 14868, 10, 0, 0, 0, 0]"
1.4000000000000004,"[10, 0, 1500, 40652, 26699, 495, 1, 11699, 10043, 1, 1500, 30609, 16320, 158, 0, 5820, 5109, 2, 1500, 25500, 11131, 78, 0, 3981, 3442, 3, 1500, 22058, 7645, 34, 0, 3120, 2657, 4, 1500, 19401, 4976, 22, 0, 2432, 1985, 5, 1500, 17416, 2977, 8, 0, 1834, 1434, 6, 1500, 15982, 1535, 0, 0, 1297, 935, 7, 1500, 15047, 600, 0, 0, 716, 464, 8, 1500, 14583, 136, 0, 0, 252, 129, 9, 1500, 14454, 7, 0, 0, 17, 7, 10, 1500, 14447, 0, 0, 0, 0, 0]"
1.4100000000000004,"[10, 0, 1500, 40861, 26772, 488, 0, 11785, 10104, 1, 1500, 30757, 16363, 183, 0, 5876, 5169, 2, 1500, 25588, 11098, 87, 0, 4042, 3491, 3, 1500, 22097, 7553, 33, 0, 3189, 2700, 4, 1500, 19397, 4835, 15, 0, 2524, 2023, 5, 1500, 17374, 2801, 4, 0, 1848, 1435, 6, 1500, 15939, 1363, 1, 0, 1218, 860, 7, 1500, 15079, 502, 0, 0, 617, 392, 8, 1500, 14687, 110, 0, 0, 182, 94, 9, 1500, 14593, 16, 0, 0, 22, 8, 10, 1500, 14585, 8, 0, 0, 0, 0]"
1.4200000000000004,"[13, 0, 1500, 41311, 27769, 491, 0, 11389, 9909, 1, 1500, 31402, 17565, 196, 0, 5671, 5028, 2, 1500, 26374, 12436, 95, 0, 3875, 3443, 3, 1500, 22931, 8943, 45, 0, 3043, 2648, 4, 1500, 20283, 6270, 20, 0, 2525, 2153, 5, 1500, 18130, 4108, 11, 0, 2103, 1713, 6, 1500, 16417, 2387, 3, 0, 1600, 1233, 7, 1500, 15184, 1151, 0, 0, 1026, 720, 8, 1500, 14464, 431, 0, 0, 509, 317, 9, 1500, 14147, 114, 0, 0, 139, 81, 10, 1500, 14066, 33, 0, 0, 31, 13, 11, 1500, 14053, 20, 0, 0, 4, 3, 12, 1500, 14050, 17, 0, 0, 2, 1, 13, 1500, 14049, 16, 0, 0, 0, 0]"
1.4300000000000004,"[12, 0, 1500, 41571, 28297, 531, 1, 11496, 10018, 1, 1500, 31553, 17950, 201, 0, 5681, 5030, 2, 1500, 26523, 12814, 95, 0, 3977, 3530, 3, 1500, 22993, 9244, 55, 0, 3116, 2727, 4, 1500, 20266, 6489, 27, 0, 2550, 2169, 5, 1500, 18097, 4305, 12, 0, 2064, 1701, 6, 1500, 16396, 2599, 7, 0, 1546, 1216, 7, 1500, 15180, 1379, 3, 0, 1082, 779, 8, 1500, 14401, 597, 0, 0, 601, 408, 9, 1500, 13993, 189, 0, 0, 241, 141, 10, 1500, 13852, 48, 0, 0, 55, 34, 11, 1500, 13818, 14, 0, 0, 14, 6, 12, 1500, 13812, 8, 0, 0, 0, 0]"
1.4400000000000004,"[13, 0, 1500, 41586, 28591, 522, 0, 11391, 9923, 1, 1500, 31663, 18355, 209, 0, 5661, 5073, 2, 1500, 26590, 13182, 109, 0, 3866, 3487, 3, 1500, 23103, 9654, 68, 0, 3113, 2743, 4, 1500, 20360, 6880, 37, 0, 2628, 2222, 5, 1500, 18138, 4638, 17, 0, 2152, 1786, 6, 1500, 16352, 2844, 9, 0, 1717, 1367, 7, 1500, 14985, 1470, 2, 0, 1164, 850, 8, 1500, 14135, 618, 0, 0, 635, 404, 9, 1500, 13731, 214, 0, 0, 215, 131, 10, 1500, 13600, 83, 0, 0, 58, 33, 11, 1500, 13567, 50, 0, 0, 12, 7, 12, 1500, 13560, 43, 0, 0, 2, 1, 13, 1500, 13559, 42, 0, 0, 0, 0]"
1.4500000000000004,"[12, 0, 1500, 42310, 29822, 609, 0, 11432, 9992, 1, 1500, 32318, 19480, 259, 0, 5466, 4924, 2, 1500, 27394, 14451, 154, 0, 3778, 3413, 3, 1500, 23981, 10978, 94, 0, 2939, 2631, 4, 1500, 21350, 8314, 61, 0, 2474, 2210, 5, 1500, 19140, 6083, 40, 0, 2200, 1892, 6, 1500, 17248, 4171, 20, 0, 1855, 1549, 7, 1500, 15699, 2613, 11, 0, 1539, 1201, 8, 1500, 14498, 1405, 4, 0, 1106, 802, 9, 1500, 13696, 599, 0, 0, 607, 400, 10, 1500, 13296, 199, 0, 0, 231, 140, 11, 1500, 13156, 59, 0, 0, 52, 23, 12, 1500, 13133, 36, 0, 0, 0, 0]"
1.4600000000000004,"[13, 0, 1500, 42080, 29747, 606, 0, 11143, 9811, 1, 1500, 32269, 19589, 259, 0, 5493, 4923, 2, 1500, 27346, 14556, 149, 0, 3671, 3369, 3, 1500, 23977, 11111, 73, 0, 2988, 2741, 4, 1500, 21236, 8337, 40, 0, 2551, 2261, 5, 1500, 18975, 6061, 25, 0, 2236, 1918, 6, 1500, 17057, 4130, 12, 0, 1942, 1594, 7, 1500, 15463, 2530, 6, 0, 1471, 1143, 8, 1500, 14320, 1384, 3, 0, 1031, 768, 9, 1500, 13552, 613, 0, 0, 592, 386, 10, 1500, 13166, 227, 0, 0, 248, 152, 11, 1500, 13014, 75, 0, 0, 84, 43, 12, 1500, 12971, 32, 0, 0, 10, 6, 13, 1500, 12965, 26, 0, 0, 0, 0]"
1.4700000000000004,"[13, 0, 1500, 42478, 30255, 587, 0, 11141, 9868, 1, 1500, 32610, 20039, 239, 0, 5481, 4971, 2, 1500, 27639, 14952, 123, 0, 3750, 3405, 3, 1500, 24234, 11504, 80, 0, 2950, 2649, 4, 1500, 21585, 8825, 50, 0, 2491, 2245, 5, 1500, 19340, 6552, 22, 0, 2206, 1929, 6, 1500, 17411, 4612, 11, 0, 1898, 1596, 7, 1500, 15815, 3012, 7, 0, 1563, 1261, 8, 1500, 14554, 1747, 3, 0, 1199, 912, 9, 1500, 13642, 832, 0, 0, 757, 538, 10, 1500, 13104, 294, 0, 0, 359, 220, 11, 1500, 12884, 74, 0, 0, 94, 47, 12, 1500, 12837, 27, 0, 0, 5, 3, 13, 1500, 12834, 24, 0, 0, 0, 0]"
1.4800000000000004,"[18, 0, 1500, 43338, 32302, 681, 0, 11013, 9795, 1, 1500, 33543, 22106, 280, 0, 5167, 4735, 2, 1500, 28808, 17256, 165, 0, 3372, 3135, 3, 1500, 25673, 14064, 108, 0, 2648, 2436, 4, 1500, 23237, 11597, 77, 0, 2171, 2005, 5, 1500, 21232, 9568, 53, 0, 1944, 1794, 6, 1500, 19438, 7762, 41, 0, 1781, 1608, 7, 1500, 17830, 6140, 27, 0, 1678, 1478, 8, 1500, 16352, 4654, 19, 0, 1602, 1369, 9, 1500, 14983, 3277, 11, 0, 1346, 1123, 10, 1500, 13860, 2146, 3, 0, 1156, 926, 11, 1500, 12934, 1218, 1, 0, 881, 650, 12, 1500, 12284, 567, 0, 0, 470, 332, 13, 1500, 11952, 235, 0, 0, 234, 142, 14, 1500, 11810, 93, 0, 0, 58, 33, 15, 1500, 11777, 60, 0, 0, 18, 9, 16, 1500, 11768, 51, 0, 0, 7, 4, 17, 1500, 11764, 47, 0, 0, 3, 1, 18, 1500, 11763, 46, 0, 0, 0, 0]"
1.4900000000000004,"[15, 0, 1500, 43086, 31497, 615, 0, 11062, 9802, 1, 1500, 33284, 21352, 272, 0, 5258, 4767, 2, 1500, 28517, 16476, 163, 0, 3465, 3197, 3, 1500, 25320, 13237, 121, 0, 2710, 2486, 4, 1500, 22834, 10718, 88, 0, 2359, 2114, 5, 1500, 20720, 8572, 56, 0, 2054, 1844, 6, 1500, 18876, 6712, 40, 0, 1822, 1631, 7, 1500, 17245, 5067, 26, 0, 1665, 1433, 8, 1500, 15812, 3621, 13, 0, 1488, 1252, 9, 1500, 14560, 2362, 6, 0, 1237, 982, 10, 1500, 13578, 1375, 1, 0, 927, 688, 11, 1500, 12890, 687, 1, 0, 606, 420, 12, 1500, 12470, 266, 0, 0, 273, 169, 13, 1500, 12301, 97, 0, 0, 94, 58, 14, 1500, 12243, 39, 0, 0, 19, 7, 15, 1500, 12236, 32, 0, 0, 0, 0]"
1.5000000000000004,"[16, 0, 1500, 43253, 32133, 746, 0, 10845, 9651, 1, 1500, 33602, 22055, 319, 0, 5103, 4648, 2, 1500, 28954, 17287, 199, 0, 3362, 3113, 3, 1500, 25841, 14107, 132, 0, 2617, 2416, 4, 1500, 23425, 11657, 98, 0, 2205, 2043, 5, 1500, 21382, 9590, 74, 0, 1951, 1786, 6, 1500, 19596, 7776, 46, 0, 1742, 1581, 7, 1500, 18015, 6171, 22, 0, 1651, 1450, 8, 1500, 16565, 4713, 14, 0, 1523, 1315, 9, 1500, 15250, 3391, 7, 0, 1371, 1169, 10, 1500, 14081, 2219, 4, 0, 1211, 989, 11, 1500, 13092, 1227, 1, 0, 967, 709, 12, 1500, 12383, 517, 0, 0, 592, 371, 13, 1500, 12012, 146, 0, 0, 207, 112, 14, 1500, 11900, 34, 0, 0, 34, 16, 15, 1500, 11884, 18, 0, 0, 4, 2, 16, 1500, 11882, 16, 0, 0, 0, 0]"
1.5100000000000005,"[18, 0, 1500, 43954, 33750, 754, 2, 10460, 9441, 1, 1500, 34513, 23914, 357, 0, 4817, 4456, 2, 1500, 30057, 19323, 222, 0, 3123, 2943, 3, 1500, 27114, 16322, 164, 0, 2355, 2222, 4, 1500, 24892, 14056, 120, 0, 1938, 1820, 5, 1500, 23072, 12214, 98, 0, 1750, 1642, 6, 1500, 21430, 10544, 70, 0, 1657, 1530, 7, 1500, 19900, 8998, 54, 0, 1560, 1432, 8, 1500, 18468, 7552, 40, 0, 1484, 1358, 9, 1500, 17110, 6184, 30, 0, 1441, 1286, 10, 1500, 15824, 4883, 15, 0, 1376, 1228, 11, 1500, 14596, 3647, 7, 0, 1286, 1109, 12, 1500, 13487, 2532, 1, 0, 1188, 970, 13, 1500, 12517, 1562, 1, 0, 946, 714, 14, 1500, 11803, 847, 0, 0, 643, 455, 15, 1500, 11348, 392, 0, 0, 369, 240, 16, 1500, 11108, 152, 0, 0, 140, 86, 17, 1500, 11022, 66, 0, 0, 39, 16, 18, 1500, 11006, 50, 0, 0, 0, 0]"
1.5200000000000005,"[17, 0, 1500, 43836, 33217, 733, 0, 10676, 9551, 1, 1500, 34285, 23289, 356, 0, 5037, 4630, 2, 1500, 29655, 18526, 223, 0, 3308, 3112, 3, 1500, 26543, 15343, 152, 0, 2595, 2435, 4, 1500, 24108, 12871, 115, 0, 2249, 2109, 5, 1500, 21999, 10738, 91, 0, 2016, 1853, 6, 1500, 20146, 8863, 69, 0, 1799, 1624, 7, 1500, 18522, 7209, 39, 0, 1605, 1439, 8, 1500, 17083, 5759, 28, 0, 1493, 1313, 9, 1500, 15770, 4433, 15, 0, 1398, 1223, 10, 1500, 14547, 3201, 6, 0, 1321, 1103, 11, 1500, 13444, 2094, 2, 0, 1083, 882, 12, 1500, 12562, 1211, 1, 0, 859, 633, 13, 1500, 11929, 578, 1, 0, 502, 346, 14, 1500, 11583, 232, 1, 0, 236, 151, 15, 1500, 11432, 80, 0, 0, 98, 56, 16, 1500, 11376, 24, 0, 0, 18, 8, 17, 1500, 11368, 16, 0, 0, 0, 0]"
1.5300000000000005,"[22, 0, 1500, 44593, 34789, 742, 0, 10526, 9471, 1, 1500, 35122, 24952, 376, 0, 4761, 4405, 2, 1500, 30717, 20412, 241, 0, 2976, 2806, 3, 1500, 27911, 17534, 169, 0, 2235, 2119, 4, 1500, 25792, 15380, 134, 0, 1823, 1736, 5, 1500, 24056, 13613, 103, 0, 1669, 1558, 6, 1500, 22498, 12037, 85, 0, 1482, 1390, 7, 1500, 21108, 10632, 70, 0, 1427, 1341, 8, 1500, 19767, 9278, 57, 0, 1346, 1249, 9, 1500, 18518, 8024, 52, 0, 1291, 1199, 10, 1500, 17319, 6810, 37, 0, 1248, 1127, 11, 1500, 16192, 5673, 27, 0, 1205, 1081, 12, 1500, 15111, 4584, 19, 0, 1169, 1043, 13, 1500, 14068, 3535, 13, 0, 1163, 983, 14, 1500, 13085, 2548, 9, 0, 1063, 879, 15, 1500, 12206, 1664, 4, 0, 888, 707, 16, 1500, 11499, 955, 2, 0, 657, 474, 17, 1500, 11025, 480, 1, 0, 388, 262, 18, 1500, 10763, 217, 0, 0, 186, 123, 19, 1500, 10640, 94, 0, 0, 91, 56, 20, 1500, 10584, 38, 0, 0, 31, 16, 21, 1500, 10568, 22, 0, 0, 4, 2, 22, 1500, 10566, 20, 0, 0, 0, 0]"
1.5400000000000005,"[27, 0, 1500, 45062, 36261, 930, 3, 10289, 9309, 1, 1500, 35753, 26498, 473, 0, 4589, 4320, 2, 1500, 31433, 22015, 310, 0, 2791, 2662, 3, 1500, 28771, 19266, 223, 0, 2059, 1965, 4, 1500, 26806, 17253, 175, 0, 1606, 1557, 5, 1500, 25249, 15666, 145, 0, 1414, 1362, 6, 1500, 23887, 14283, 124, 0, 1333, 1271, 7, 1500, 22616, 12995, 107, 0, 1161, 1101, 8, 1500, 21515, 11877, 90, 0, 1093, 1045, 9, 1500, 20470, 10825, 83, 0, 1052, 1004, 10, 1500, 19466, 9810, 72, 0, 1039, 977, 11, 1500, 18489, 8818, 57, 0, 1045, 983, 12, 1500, 17506, 7828, 50, 0, 1056, 971, 13, 1500, 16535, 6847, 40, 0, 993, 926, 14, 1500, 15609, 5912, 31, 0, 1037, 948, 15, 1500, 14661, 4960, 27, 0, 1040, 942, 16, 1500, 13719, 4007, 16, 0, 1014, 890, 17, 1500, 12829, 3107, 6, 0, 970, 840, 18, 1500, 11989, 2264, 3, 0, 913, 773, 19, 1500, 11216, 1490, 2, 0, 843, 639, 20, 1500, 10577, 851, 2, 0, 582, 436, 21, 1500, 10141, 414, 1, 0, 348, 231, 22, 1500, 9910, 182, 0, 0, 166, 104, 23, 1500, 9806, 78, 0, 0, 38, 27, 24, 1500, 9779, 51, 0, 0, 17, 12, 25, 1500, 9767, 39, 0, 0, 11, 6, 26, 1500, 9761, 33, 0, 0, 3, 1, 27, 1500, 9760, 32, 0, 0, 0, 0]"
1.5500000000000005,"[26, 0, 1500, 45170, 36332, 869, 2, 10226, 9244, 1, 1500, 35926, 26650, 429, 0, 4546, 4281, 2, 1500, 31645, 22227, 287, 0, 2770, 2643, 3, 1500, 29002, 19530, 233, 0, 2052, 1972, 4, 1500, 27030, 17510, 185, 0, 1602, 1523, 5, 1500, 25507, 15953, 151, 0, 1298, 1242, 6, 1500, 24265, 14693, 133, 0, 1131, 1092, 7, 1500, 23173, 13584, 116, 0, 1040, 994, 8, 1500, 22179, 12580, 106, 0, 969, 929, 9, 1500, 21250, 11640, 95, 0, 912, 878, 10, 1500, 20372, 10753, 86, 0, 906, 858, 11, 1500, 19514, 9890, 81, 0, 897, 852, 12, 1500, 18662, 9024, 67, 0, 897, 852, 13, 1500, 17810, 8157, 52, 0, 942, 882, 14, 1500, 16928, 7262, 39, 0, 978, 907, 15, 1500, 16021, 6348, 32, 0, 1003, 928, 16, 1500, 15093, 5417, 29, 0, 1030, 913, 17, 1500, 14180, 4502, 27, 0, 996, 888, 18, 1500, 13292, 3604, 17, 0, 972, 867, 19, 1500, 12425, 2733, 13, 0, 955, 828, 20, 1500, 11597, 1898, 6, 0, 916, 744, 21, 1500, 10853, 1151, 3, 0, 688, 547, 22, 1500, 10306, 601, 0, 0, 511, 368, 23, 1500, 9938, 233, 0, 0, 277, 170, 24, 1500, 9768, 63, 0, 0, 82, 44, 25, 1500, 9724, 19, 0, 0, 8, 3, 26, 1500, 9721, 16, 0, 0, 0, 0]"
1.5600000000000005,"[33, 0, 1500, 45442, 37099, 898, 2, 10160, 9196, 1, 1500, 36246, 27473, 467, 1, 4314, 4037, 2, 1500, 32209, 23304, 335, 1, 2588, 2458, 3, 1500, 29751, 20782, 271, 1, 1785, 1723, 4, 1500, 28028, 19026, 237, 0, 1461, 1416, 5, 1500, 26612, 17573, 200, 0, 1178, 1142, 6, 1500, 25470, 16397, 166, 0, 1006, 972, 7, 1500, 24498, 15407, 148, 0, 914, 879, 8, 1500, 23619, 14515, 135, 0, 835, 805, 9, 1500, 22814, 13698, 123, 0, 766, 735, 10, 1500, 22079, 12953, 113, 0, 744, 710, 11, 1500, 21369, 12226, 96, 0, 687, 664, 12, 1500, 20705, 11553, 87, 0, 647, 627, 13, 1500, 20078, 10915, 76, 0, 649, 627, 14, 1500, 19451, 10279, 67, 0, 635, 613, 15, 1500, 18838, 9660, 61, 0, 669, 632, 16, 1500, 18206, 9018, 51, 0, 651, 618, 17, 1500, 17588, 8396, 47, 0, 664, 623, 18, 1500, 16965, 7767, 41, 0, 667, 638, 19, 1500, 16327, 7123, 35, 0, 717, 669, 20, 1500, 15658, 6451, 32, 0, 723, 680, 21, 1500, 14978, 5763, 24, 0, 742, 696, 22, 1500, 14282, 5063, 20, 0, 802, 739, 23, 1500, 13543, 4319, 15, 0, 801, 728, 24, 1500, 12815, 3583, 7, 0, 839, 758, 25, 1500, 12057, 2823, 5, 0, 871, 761, 26, 1500, 11296, 2060, 3, 0, 848, 695, 27, 1500, 10601, 1364, 2, 0, 702, 566, 28, 1500, 10035, 796, 0, 0, 576, 426, 29, 1500, 9609, 370, 0, 0, 354, 226, 30, 1500, 9383, 144, 0, 0, 148, 96, 31, 1500, 9287, 48, 0, 0, 63, 34, 32, 1500, 9253, 14, 0, 0, 12, 6, 33, 1500, 9247, 8, 0, 0, 0, 0]"
1.5700000000000005,"[26, 0, 1500, 45325, 36417, 850, 0, 10310, 9398, 1, 1500, 35927, 26602, 433, 0, 4587, 4287, 2, 1500, 31640, 22177, 295, 0, 2806, 2667, 3, 1500, 28973, 19437, 222, 0, 2018, 1942, 4, 1500, 27031, 17447, 174, 0, 1611, 1561, 5, 1500, 25470, 15856, 144, 0, 1405, 1346, 6, 1500, 24124, 14480, 114, 0, 1219, 1170, 7, 1500, 22954, 13297, 101, 0, 1116, 1056, 8, 1500, 21898, 12234, 94, 0, 990, 937, 9, 1500, 20961, 11285, 82, 0, 963, 929, 10, 1500, 20032, 10350, 76, 0, 956, 913, 11, 1500, 19119, 9431, 70, 0, 1009, 954, 12, 1500, 18165, 8458, 51, 0, 981, 928, 13, 1500, 17237, 7520, 41, 0, 979, 912, 14, 1500, 16325, 6604, 37, 0, 1043, 961, 15, 1500, 15364, 5636, 30, 0, 1048, 955, 16, 1500, 14409, 4670, 19, 0, 1057, 955, 17, 1500, 13454, 3712, 16, 0, 1038, 905, 18, 1500, 12549, 2801, 10, 0, 986, 840, 19, 1500, 11709, 1960, 9, 0, 891, 729, 20, 1500, 10980, 1228, 6, 0, 744, 560, 21, 1500, 10420, 665, 3, 0, 492, 341, 22, 1500, 10079, 322, 1, 0, 251, 168, 23, 1500, 9911, 153, 0, 0, 119, 78, 24, 1500, 9833, 75, 0, 0, 46, 27, 25, 1500, 9806, 48, 0, 0, 6, 2, 26, 1500, 9804, 46, 0, 0, 0, 0]"
1.5800000000000005,"[60, 0, 1500, 46186, 38895, 973, 2, 9768, 8930, 1, 1500, 37256, 29529, 535, 0, 4155, 3926, 2, 1500, 33330, 25454, 386, 0, 2379, 2289, 3, 1500, 31041, 23105, 326, 0, 1631, 1583, 4, 1500, 29458, 21472, 276, 0, 1191, 1154, 5, 1500, 28304, 20295, 253, 0, 946, 916, 6, 1500, 27388, 19365, 239, 0, 753, 738, 7, 1500, 26650, 18610, 222, 0, 641, 630, 8, 1500, 26020, 17969, 211, 0, 563, 552, 9, 1500, 25468, 17408, 202, 0, 517, 504, 10, 1500, 24964, 16890, 188, 0, 459, 448, 11, 1500, 24516, 16434, 180, 0, 428, 413, 12, 1500, 24103, 16017, 176, 0, 375, 367, 13, 1500, 23736, 15644, 170, 0, 337, 331, 14, 1500, 23405, 15307, 164, 0, 310, 304, 15, 1500, 23101, 15001, 162, 0, 304, 299, 16, 1500, 22802, 14696, 156, 0, 299, 294, 17, 1500, 22508, 14395, 149, 0, 284, 278, 18, 1500, 22230, 14110, 142, 0, 292, 286, 19, 1500, 21944, 13814, 132, 0, 282, 275, 20, 1500, 21669, 13536, 129, 0, 278, 272, 21, 1500, 21397, 13257, 122, 0, 273, 268, 22, 1500, 21129, 12986, 119, 0, 262, 255, 23, 1500, 20874, 12725, 113, 0, 251, 240, 24, 1500, 20634, 12484, 112, 0, 236, 233, 25, 1500, 20401, 12247, 108, 0, 233, 230, 26, 1500, 20171, 12010, 101, 0, 238, 233, 27, 1500, 19938, 11773, 97, 0, 246, 240, 28, 1500, 19698, 11528, 92, 0, 239, 234, 29, 1500, 19464, 11291, 89, 0, 251, 242, 30, 1500, 19222, 11044, 84, 0, 216, 212, 31, 1500, 19010, 10828, 80, 0, 226, 222, 32, 1500, 18788, 10604, 78, 0, 240, 234, 33, 1500, 18554, 10366, 74, 0, 231, 228, 34, 1500, 18326, 10137, 73, 0, 244, 238, 35, 1500, 18088, 9894, 68, 0, 262, 253, 36, 1500, 17835, 9639, 66, 0, 293, 282, 37, 1500, 17553, 9354, 63, 0, 312, 301, 38, 1500, 17252, 9053, 63, 0, 343, 326, 39, 1500, 16926, 8725, 61, 0, 368, 348, 40, 1500, 16578, 8372, 56, 0, 399, 382, 41, 1500, 16196, 7988, 54, 0, 461, 434, 42, 1500, 15762, 7549, 49, 0, 500, 475, 43, 1500, 15287, 7069, 44, 0, 542, 518, 44, 1500, 14769, 6545, 38, 0, 621, 584, 45, 1500, 14185, 5956, 33, 0, 662, 626, 46, 1500, 13559, 5327, 30, 0, 689, 644, 47, 1500, 12915, 4676, 23, 0, 729, 662, 48, 1500, 12253, 4008, 17, 0, 755, 687, 49, 1500, 11566, 3317, 13, 0, 787, 700, 50, 1500, 10866, 2613, 9, 0, 783, 674, 51, 1500, 10192, 1936, 6, 0, 729, 608, 52, 1500, 9584, 1326, 4, 0, 638, 507, 53, 1500, 9077, 816, 1, 0, 483, 367, 54, 1500, 8710, 449, 1, 0, 298, 210, 55, 1500, 8500, 238, 0, 0, 148, 95, 56, 1500, 8405, 143, 0, 0, 56, 40, 57, 1500, 8365, 103, 0, 0, 25, 18, 58, 1500, 8347, 85, 0, 0, 11, 9, 59, 1500, 8338, 76, 0, 0, 6, 4, 60, 1500, 8334, 72, 0, 0, 0, 0]"
1.5900000000000005,"[49, 0, 1500, 46722, 40317, 1059, 0, 9432, 8666, 1, 1500, 38056, 31180, 588, 0, 3892, 3696, 2, 1500, 34360, 27337, 441, 0, 2135, 2078, 3, 1500, 32282, 25179, 361, 0, 1402, 1368, 4, 1500, 30914, 23772, 322, 0, 1006, 986, 5, 1500, 29928, 22766, 302, 0, 725, 711, 6, 1500, 29217, 22039, 286, 0, 566, 558, 7, 1500, 28659, 21473, 278, 0, 500, 490, 8, 1500, 28169, 20971, 266, 0, 420, 416, 9, 1500, 27753, 20548, 259, 0, 371, 367, 10, 1500, 27386, 20173, 251, 0, 311, 306, 11, 1500, 27080, 19865, 249, 0, 270, 267, 12, 1500, 26813, 19595, 246, 0, 259, 255, 13, 1500, 26558, 19335, 241, 0, 228, 222, 14, 1500, 26336, 19108, 236, 0, 197, 192, 15, 1500, 26144, 18913, 233, 0, 165, 160, 16, 1500, 25984, 18745, 225, 0, 130, 129, 17, 1500, 25855, 18612, 221, 0, 116, 115, 18, 1500, 25740, 18494, 218, 0, 105, 105, 19, 1500, 25635, 18388, 217, 0, 94, 94, 20, 1500, 25541, 18291, 214, 0, 83, 83, 21, 1500, 25458, 18208, 214, 0, 76, 75, 22, 1500, 25383, 18132, 213, 0, 63, 63, 23, 1500, 25320, 18067, 211, 0, 52, 51, 24, 1500, 25269, 18015, 210, 0, 48, 48, 25, 1500, 25221, 17966, 209, 0, 39, 39, 26, 1500, 25182, 17925, 207, 0, 34, 33, 27, 1500, 25149, 17889, 204, 0, 26, 26, 28, 1500, 25123, 17863, 204, 0, 16, 16, 29, 1500, 25107, 17847, 204, 0, 13, 13, 30, 1500, 25094, 17834, 204, 0, 11, 11, 31, 1500, 25083, 17822, 203, 0, 12, 12, 32, 1500, 25071, 17809, 202, 0, 9, 9, 33, 1500, 25062, 17800, 202, 0, 10, 10, 34, 1500, 25052, 17789, 201, 0, 9, 9, 35, 1500, 25043, 17780, 201, 0, 11, 11, 36, 1500, 25032, 17768, 200, 0, 6, 6, 37, 1500, 25026, 17762, 200, 0, 3, 3, 38, 1500, 25023, 17758, 199, 0, 3, 3, 39, 1500, 25020, 17755, 199, 0, 5, 5, 40, 1500, 25015, 17750, 199, 0, 6, 6, 41, 1500, 25009, 17744, 199, 0, 3, 3, 42, 1500, 25006, 17741, 199, 0, 4, 4, 43, 1500, 25002, 17737, 199, 0, 3, 3, 44, 1500, 24999, 17734, 199, 0, 3, 3, 45, 1500, 24996, 17731, 199, 0, 4, 4, 46, 1500, 24992, 17727, 199, 0, 4, 4, 47, 1500, 24988, 17723, 199, 0, 3, 3, 48, 1500, 24985, 17720, 199, 0, 1, 1, 49, 1500, 24984, 17719, 199, 0, 0, 0]"
1.6000000000000005,"[65, 0, 1500, 46169, 38758, 1023, 2, 9932, 9067, 1, 1500, 37102, 29232, 562, 0, 4168, 3930, 2, 1500, 33172, 25163, 423, 0, 2487, 2383, 3, 1500, 30789, 22706, 349, 0, 1682, 1627, 4, 1500, 29162, 21042, 312, 0, 1249, 1219, 5, 1500, 27943, 19792, 281, 0, 975, 948, 6, 1500, 26995, 18818, 255, 0, 778, 755, 7, 1500, 26240, 18046, 238, 0, 660, 647, 8, 1500, 25593, 17383, 222, 0, 572, 557, 9, 1500, 25036, 16818, 214, 0, 498, 485, 10, 1500, 24551, 16320, 201, 0, 443, 432, 11, 1500, 24119, 15878, 191, 0, 372, 365, 12, 1500, 23754, 15504, 182, 0, 331, 327, 13, 1500, 23427, 15172, 177, 0, 326, 315, 14, 1500, 23112, 14852, 172, 0, 311, 305, 15, 1500, 22807, 14539, 164, 0, 277, 271, 16, 1500, 22536, 14265, 161, 0, 245, 243, 17, 1500, 22293, 14016, 155, 0, 228, 224, 18, 1500, 22069, 13790, 153, 0, 229, 221, 19, 1500, 21848, 13565, 149, 0, 210, 204, 20, 1500, 21644, 13354, 142, 0, 215, 209, 21, 1500, 21435, 13141, 138, 0, 198, 196, 22, 1500, 21239, 12942, 135, 0, 197, 194, 23, 1500, 21045, 12742, 129, 0, 197, 192, 24, 1500, 20853, 12543, 122, 0, 189, 182, 25, 1500, 20671, 12359, 120, 0, 183, 178, 26, 1500, 20493, 12180, 119, 0, 184, 177, 27, 1500, 20316, 12000, 116, 0, 179, 175, 28, 1500, 20141, 11820, 111, 0, 188, 184, 29, 1500, 19957, 11636, 111, 0, 198, 191, 30, 1500, 19766, 11442, 108, 0, 196, 184, 31, 1500, 19582, 11256, 106, 0, 195, 187, 32, 1500, 19395, 11069, 106, 0, 198, 190, 33, 1500, 19205, 10874, 101, 0, 182, 180, 34, 1500, 19025, 10692, 99, 0, 198, 191, 35, 1500, 18834, 10496, 94, 0, 201, 194, 36, 1500, 18640, 10301, 93, 0, 218, 210, 37, 1500, 18430, 10089, 91, 0, 209, 204, 38, 1500, 18226, 9883, 89, 0, 207, 200, 39, 1500, 18026, 9680, 86, 0, 237, 226, 40, 1500, 17800, 9450, 82, 0, 263, 250, 41, 1500, 17550, 9194, 76, 0, 273, 263, 42, 1500, 17287, 8927, 72, 0, 288, 283, 43, 1500, 17004, 8640, 68, 0, 310, 302, 44, 1500, 16702, 8335, 65, 0, 331, 323, 45, 1500, 16379, 8007, 60, 0, 391, 373, 46, 1500, 16006, 7629, 55, 0, 431, 414, 47, 1500, 15592, 7209, 49, 0, 463, 438, 48, 1500, 15154, 6761, 39, 0, 506, 478, 49, 1500, 14676, 6272, 28, 0, 561, 529, 50, 1500, 14147, 5742, 27, 0, 608, 563, 51, 1500, 13584, 5172, 20, 0, 641, 592, 52, 1500, 12992, 4575, 15, 0, 668, 602, 53, 1500, 12390, 3971, 13, 0, 692, 629, 54, 1500, 11761, 3337, 8, 0, 702, 607, 55, 1500, 11154, 2726, 4, 0, 684, 581, 56, 1500, 10573, 2144, 3, 0, 654, 545, 57, 1500, 10028, 1597, 1, 0, 575, 476, 58, 1500, 9552, 1120, 0, 0, 498, 408, 59, 1500, 9144, 712, 0, 0, 435, 321, 60, 1500, 8823, 391, 0, 0, 279, 201, 61, 1500, 8622, 190, 0, 0, 153, 95, 62, 1500, 8527, 95, 0, 0, 45, 22, 63, 1500, 8505, 73, 0, 0, 13, 8, 64, 1500, 8497, 65, 0, 0, 7, 3, 65, 1500, 8494, 62, 0, 0, 0, 0]"
1.6100000000000005,"[51, 0, 1500, 46783, 40531, 1087, 1, 9568, 8783, 1, 1500, 38000, 31285, 623, 0, 3834, 3657, 2, 1500, 34343, 27468, 463, 0, 2143, 2078, 3, 1500, 32265, 25319, 392, 0, 1361, 1326, 4, 1500, 30939, 23957, 356, 0, 978, 960, 5, 1500, 29979, 22968, 327, 0, 720, 712, 6, 1500, 29267, 22239, 310, 0, 596, 583, 7, 1500, 28684, 21640, 294, 0, 470, 463, 8, 1500, 28221, 21173, 290, 0, 387, 378, 9, 1500, 27843, 20792, 287, 0, 328, 324, 10, 1500, 27519, 20459, 278, 0, 272, 268, 11, 1500, 27251, 20179, 266, 0, 215, 211, 12, 1500, 27040, 19964, 262, 0, 168, 167, 13, 1500, 26873, 19795, 260, 0, 133, 132, 14, 1500, 26741, 19657, 254, 0, 101, 101, 15, 1500, 26640, 19551, 249, 0, 86, 86, 16, 1500, 26554, 19464, 248, 0, 71, 71, 17, 1500, 26483, 19390, 245, 0, 61, 60, 18, 1500, 26423, 19329, 244, 0, 65, 64, 19, 1500, 26359, 19264, 243, 0, 45, 45, 20, 1500, 26314, 19219, 243, 0, 52, 52, 21, 1500, 26262, 19166, 242, 0, 50, 50, 22, 1500, 26212, 19116, 242, 0, 47, 45, 23, 1500, 26167, 19071, 242, 0, 40, 40, 24, 1500, 26127, 19030, 241, 0, 40, 39, 25, 1500, 26088, 18991, 241, 0, 35, 35, 26, 1500, 26053, 18956, 241, 0, 29, 29, 27, 1500, 26024, 18926, 240, 0, 23, 23, 28, 1500, 26001, 18903, 240, 0, 23, 23, 29, 1500, 25978, 18880, 240, 0, 20, 19, 30, 1500, 25959, 18861, 240, 0, 17, 17, 31, 1500, 25942, 18844, 240, 0, 20, 20, 32, 1500, 25922, 18824, 240, 0, 11, 11, 33, 1500, 25911, 18813, 240, 0, 11, 11, 34, 1500, 25900, 18802, 240, 0, 12, 12, 35, 1500, 25888, 18790, 240, 0, 9, 9, 36, 1500, 25879, 18781, 240, 0, 9, 9, 37, 1500, 25870, 18772, 240, 0, 13, 13, 38, 1500, 25857, 18759, 240, 0, 11, 11, 39, 1500, 25846, 18748, 240, 0, 10, 10, 40, 1500, 25836, 18738, 240, 0, 10, 9, 41, 1500, 25827, 18729, 240, 0, 5, 5, 42, 1500, 25822, 18724, 240, 0, 3, 3, 43, 1500, 25819, 18721, 240, 0, 2, 2, 44, 1500, 25817, 18719, 240, 0, 2, 2, 45, 1500, 25815, 18717, 240, 0, 2, 2, 46, 1500, 25813, 18715, 240, 0, 1, 1, 47, 1500, 25812, 18714, 240, 0, 1, 1, 48, 1500, 25811, 18713, 240, 0, 2, 2, 49, 1500, 25809, 18711, 240, 0, 3, 3, 50, 1500, 25806, 18708, 240, 0, 1, 1, 51, 1500, 25805, 18707, 240, 0, 0, 0]"
1.6200000000000006,"[38, 0, 1500, 47081, 41047, 1075, 0, 9577, 8786, 1, 1500, 38295, 31814, 628, 0, 3841, 3656, 2, 1500, 34639, 28014, 484, 0, 2140, 2080, 3, 1500, 32559, 25870, 420, 0, 1387, 1358, 4, 1500, 31201, 24474, 382, 0, 949, 937, 5, 1500, 30264, 23516, 361, 0, 704, 693, 6, 1500, 29571, 22807, 345, 0, 523, 514, 7, 1500, 29057, 22278, 330, 0, 409, 407, 8, 1500, 28650, 21857, 316, 0, 336, 332, 9, 1500, 28318, 21518, 309, 0, 255, 254, 10, 1500, 28064, 21258, 303, 0, 217, 209, 11, 1500, 27855, 21048, 302, 0, 181, 180, 12, 1500, 27675, 20861, 295, 0, 146, 144, 13, 1500, 27531, 20713, 291, 0, 125, 125, 14, 1500, 27406, 20585, 288, 0, 105, 105, 15, 1500, 27301, 20478, 286, 0, 89, 89, 16, 1500, 27212, 20389, 286, 0, 75, 75, 17, 1500, 27137, 20313, 285, 0, 55, 54, 18, 1500, 27083, 20259, 285, 0, 47, 46, 19, 1500, 27037, 20210, 282, 0, 35, 35, 20, 1500, 27002, 20173, 280, 0, 31, 31, 21, 1500, 26971, 20141, 279, 0, 28, 28, 22, 1500, 26943, 20113, 279, 0, 24, 24, 23, 1500, 26919, 20089, 279, 0, 24, 24, 24, 1500, 26895, 20064, 278, 0, 24, 23, 25, 1500, 26872, 20040, 277, 0, 14, 14, 26, 1500, 26858, 20025, 276, 0, 10, 10, 27, 1500, 26848, 20015, 276, 0, 11, 11, 28, 1500, 26837, 20004, 276, 0, 9, 9, 29, 1500, 26828, 19995, 276, 0, 5, 5, 30, 1500, 26823, 19990, 276, 0, 6, 6, 31, 1500, 26817, 19984, 276, 0, 3, 3, 32, 1500, 26814, 19981, 276, 0, 2, 2, 33, 1500, 26812, 19979, 276, 0, 2, 2, 34, 1500, 26810, 19977, 276, 0, 4, 4, 35, 1500, 26806, 19973, 276, 0, 6, 6, 36, 1500, 26800, 19967, 276, 0, 5, 5, 37, 1500, 26795, 19962, 276, 0, 2, 2, 38, 1500, 26793, 19960, 276, 0, 0, 0]"
1.6300000000000006,"[30, 0, 1500, 47282, 41546, 1163, 2, 9494, 8759, 1, 1500, 38523, 32332, 706, 0, 3816, 3674, 2, 1500, 34849, 28490, 538, 0, 2116, 2058, 3, 1500, 32791, 26333, 439, 0, 1353, 1324, 4, 1500, 31467, 24951, 381, 0, 925, 907, 5, 1500, 30560, 24011, 348, 0, 698, 688, 6, 1500, 29872, 23306, 331, 0, 513, 510, 7, 1500, 29362, 22782, 317, 0, 386, 380, 8, 1500, 28982, 22397, 312, 0, 317, 310, 9, 1500, 28672, 22075, 300, 0, 237, 236, 10, 1500, 28436, 21834, 295, 0, 179, 175, 11, 1500, 28261, 21654, 290, 0, 155, 151, 12, 1500, 28110, 21497, 284, 0, 123, 123, 13, 1500, 27987, 21372, 282, 0, 108, 108, 14, 1500, 27879, 21260, 278, 0, 90, 90, 15, 1500, 27789, 21168, 276, 0, 71, 70, 16, 1500, 27719, 21097, 275, 0, 56, 56, 17, 1500, 27663, 21041, 275, 0, 40, 40, 18, 1500, 27623, 21001, 275, 0, 30, 30, 19, 1500, 27593, 20971, 275, 0, 34, 33, 20, 1500, 27560, 20937, 274, 0, 31, 31, 21, 1500, 27529, 20906, 274, 0, 29, 29, 22, 1500, 27500, 20876, 273, 0, 27, 27, 23, 1500, 27473, 20849, 273, 0, 16, 16, 24, 1500, 27457, 20833, 273, 0, 18, 18, 25, 1500, 27439, 20815, 273, 0, 15, 15, 26, 1500, 27424, 20800, 273, 0, 10, 10, 27, 1500, 27414, 20790, 273, 0, 9, 9, 28, 1500, 27405, 20780, 272, 0, 5, 5, 29, 1500, 27400, 20775, 272, 0, 2, 2, 30, 1500, 27398, 20772, 271, 0, 0, 0]"
1.6400000000000006,"[25, 0, 1500, 47784, 43347, 1289, 1, 9103, 8466, 1, 1500, 39318, 34364, 772, 1, 3478, 3357, 2, 1500, 35961, 30851, 616, 1, 1842, 1794, 3, 1500, 34167, 28990, 549, 1, 1124, 1102, 4, 1500, 33065, 27853, 513, 0, 782, 770, 5, 1500, 32295, 27061, 491, 0, 512, 503, 6, 1500, 31792, 26540, 473, 0, 351, 347, 7, 1500, 31445, 26187, 467, 0, 269, 266, 8, 1500, 31179, 25907, 453, 0, 195, 194, 9, 1500, 30985, 25707, 447, 0, 157, 157, 10, 1500, 30828, 25541, 438, 0, 115, 112, 11, 1500, 30716, 25426, 435, 0, 96, 95, 12, 1500, 30621, 25327, 431, 0, 59, 59, 13, 1500, 30562, 25267, 430, 0, 40, 40, 14, 1500, 30522, 25226, 429, 0, 28, 28, 15, 1500, 30494, 25196, 427, 0, 20, 20, 16, 1500, 30474, 25176, 427, 0, 13, 13, 17, 1500, 30461, 25163, 427, 0, 10, 10, 18, 1500, 30451, 25153, 427, 0, 10, 10, 19, 1500, 30441, 25143, 427, 0, 4, 4, 20, 1500, 30437, 25139, 427, 0, 3, 3, 21, 1500, 30434, 25136, 427, 0, 2, 2, 22, 1500, 30432, 25134, 427, 0, 1, 1, 23, 1500, 30431, 25133, 427, 0, 1, 1, 24, 1500, 30430, 25132, 427, 0, 1, 1, 25, 1500, 30429, 25131, 427, 0, 0, 0]"
1.6500000000000006,"[50, 0, 1500, 47995, 43686, 1263, 1, 9069, 8463, 1, 1500, 39532, 34731, 770, 0, 3505, 3357, 2, 1500, 36175, 31219, 615, 0, 1794, 1757, 3, 1500, 34418, 29395, 548, 0, 1068, 1050, 4, 1500, 33368, 28299, 502, 0, 674, 664, 5, 1500, 32704, 27622, 489, 0, 463, 460, 6, 1500, 32244, 27147, 474, 0, 312, 311, 7, 1500, 31933, 26820, 458, 0, 228, 227, 8, 1500, 31706, 26586, 451, 0, 157, 157, 9, 1500, 31549, 26422, 444, 0, 131, 131, 10, 1500, 31418, 26289, 442, 0, 100, 99, 11, 1500, 31319, 26186, 438, 0, 83, 83, 12, 1500, 31236, 26099, 434, 0, 57, 57, 13, 1500, 31179, 26040, 432, 0, 40, 38, 14, 1500, 31141, 26000, 430, 0, 33, 33, 15, 1500, 31108, 25967, 430, 0, 26, 26, 16, 1500, 31082, 25939, 428, 0, 22, 22, 17, 1500, 31060, 25917, 428, 0, 13, 13, 18, 1500, 31047, 25904, 428, 0, 9, 9, 19, 1500, 31038, 25894, 427, 0, 8, 8, 20, 1500, 31030, 25886, 427, 0, 3, 3, 21, 1500, 31027, 25883, 427, 0, 4, 4, 22, 1500, 31023, 25879, 427, 0, 4, 4, 23, 1500, 31019, 25875, 427, 0, 5, 5, 24, 1500, 31014, 25870, 427, 0, 1, 1, 25, 1500, 31013, 25869, 427, 0, 1, 1, 26, 1500, 31012, 25868, 427, 0, 1, 1, 27, 1500, 31011, 25867, 427, 0, 1, 1, 28, 1500, 31010, 25866, 427, 0, 2, 2, 29, 1500, 31008, 25864, 427, 0, 1, 1, 30, 1500, 31007, 25863, 427, 0, 2, 2, 31, 1500, 31005, 25861, 427, 0, 3, 3, 32, 1500, 31002, 25858, 427, 0, 3, 3, 33, 1500, 30999, 25855, 427, 0, 4, 4, 34, 1500, 30995, 25851, 427, 0, 4, 4, 35, 1500, 30991, 25847, 427, 0, 3, 3, 36, 1500, 30988, 25844, 427, 0, 3, 3, 37, 1500, 30985, 25841, 427, 0, 2, 2, 38, 1500, 30983, 25839, 427, 0, 2, 2, 39, 1500, 30981, 25837, 427, 0, 1, 1, 40, 1500, 30980, 25836, 427, 0, 1, 1, 41, 1500, 30979, 25835, 427, 0, 1, 1, 42, 1500, 30978, 25834, 427, 0, 2, 2, 43, 1500, 30976, 25832, 427, 0, 1, 1, 44, 1500, 30975, 25831, 427, 0, 2, 2, 45, 1500, 30973, 25829, 427, 0, 2, 2, 46, 1500, 30971, 25827, 427, 0, 2, 2, 47, 1500, 30969, 25825, 427, 0, 2, 2, 48, 1500, 30967, 25823, 427, 0, 2, 2, 49, 1500, 30965, 25821, 427, 0, 1, 1, 50, 1500, 30964, 25820, 427, 0, 0, 0]"
1.6600000000000006,"[25, 0, 1500, 48170, 44343, 1349, 0, 8836, 8238, 1, 1500, 39932, 35573, 817, 0, 3340, 3219, 2, 1500, 36713, 32191, 654, 0, 1735, 1703, 3, 1500, 35010, 30412, 578, 0, 1052, 1033, 4, 1500, 33977, 29343, 542, 0, 665, 656, 5, 1500, 33321, 28666, 521, 0, 435, 429, 6, 1500, 32892, 28213, 497, 0, 291, 286, 7, 1500, 32606, 27919, 489, 0, 184, 182, 8, 1500, 32424, 27732, 484, 0, 133, 132, 9, 1500, 32292, 27595, 479, 0, 86, 85, 10, 1500, 32207, 27508, 477, 0, 63, 62, 11, 1500, 32145, 27445, 476, 0, 49, 49, 12, 1500, 32096, 27393, 473, 0, 45, 45, 13, 1500, 32051, 27347, 472, 0, 44, 44, 14, 1500, 32007, 27301, 470, 0, 29, 29, 15, 1500, 31978, 27272, 470, 0, 19, 19, 16, 1500, 31959, 27252, 469, 0, 13, 13, 17, 1500, 31946, 27239, 469, 0, 8, 8, 18, 1500, 31938, 27230, 468, 0, 6, 6, 19, 1500, 31932, 27223, 467, 0, 6, 6, 20, 1500, 31926, 27216, 466, 0, 2, 2, 21, 1500, 31924, 27214, 466, 0, 2, 2, 22, 1500, 31922, 27212, 466, 0, 2, 2, 23, 1500, 31920, 27210, 466, 0, 1, 1, 24, 1500, 31919, 27209, 466, 0, 1, 1, 25, 1500, 31918, 27208, 466, 0, 0, 0]"
1.6700000000000006,"[18, 0, 1500, 48525, 45595, 1366, 4, 8787, 8191, 1, 1500, 40334, 36902, 862, 2, 3069, 2968, 2, 1500, 37366, 33778, 706, 2, 1509, 1488, 3, 1500, 35878, 32239, 655, 2, 863, 855, 4, 1500, 35023, 31354, 625, 2, 549, 545, 5, 1500, 34478, 30788, 603, 1, 318, 315, 6, 1500, 34163, 30461, 591, 1, 217, 214, 7, 1500, 33949, 30245, 589, 1, 139, 137, 8, 1500, 33812, 30101, 582, 1, 101, 100, 9, 1500, 33712, 29997, 578, 1, 73, 73, 10, 1500, 33639, 29919, 573, 1, 46, 46, 11, 1500, 33593, 29871, 571, 1, 21, 21, 12, 1500, 33572, 29849, 570, 1, 14, 14, 13, 1500, 33558, 29835, 570, 1, 10, 10, 14, 1500, 33548, 29824, 569, 1, 3, 3, 15, 1500, 33545, 29821, 569, 1, 1, 1, 16, 1500, 33544, 29820, 569, 1, 1, 1, 17, 1500, 33543, 29819, 569, 1, 1, 1, 18, 1500, 33542, 29818, 569, 1, 0, 0]"
1.6800000000000006,"[18, 0, 1500, 49050, 46686, 1442, 1, 8595, 8089, 1, 1500, 40961, 38072, 917, 1, 3136, 3034, 2, 1500, 37927, 34897, 776, 1, 1563, 1535, 3, 1500, 36392, 33288, 702, 1, 844, 834, 4, 1500, 35558, 32417, 665, 1, 503, 498, 5, 1500, 35060, 31907, 653, 1, 302, 301, 6, 1500, 34759, 31590, 637, 1, 202, 199, 7, 1500, 34560, 31383, 629, 1, 118, 118, 8, 1500, 34442, 31262, 626, 1, 77, 76, 9, 1500, 34366, 31183, 623, 1, 39, 39, 10, 1500, 34327, 31143, 622, 1, 22, 22, 11, 1500, 34305, 31120, 621, 1, 17, 17, 12, 1500, 34288, 31103, 621, 1, 14, 14, 13, 1500, 34274, 31088, 620, 1, 8, 8, 14, 1500, 34266, 31078, 618, 1, 7, 7, 15, 1500, 34259, 31071, 618, 1, 5, 5, 16, 1500, 34254, 31066, 618, 1, 2, 2, 17, 1500, 34252, 31064, 618, 1, 1, 1, 18, 1500, 34251, 31063, 618, 1, 0, 0]"
1.6900000000000006,"[15, 0, 1500, 49277, 47050, 1495, 0, 8654, 8106, 1, 1500, 41171, 38399, 950, 0, 3080, 2978, 2, 1500, 38193, 35269, 798, 0, 1427, 1405, 3, 1500, 36788, 33799, 733, 0, 797, 782, 4, 1500, 36006, 32989, 705, 0, 462, 460, 5, 1500, 35546, 32511, 687, 0, 275, 275, 6, 1500, 35271, 32225, 676, 0, 160, 158, 7, 1500, 35113, 32062, 671, 0, 105, 105, 8, 1500, 35008, 31953, 667, 0, 65, 65, 9, 1500, 34943, 31887, 666, 0, 47, 47, 10, 1500, 34896, 31838, 664, 0, 28, 28, 11, 1500, 34868, 31810, 664, 0, 21, 21, 12, 1500, 34847, 31788, 663, 0, 8, 8, 13, 1500, 34839, 31780, 663, 0, 6, 6, 14, 1500, 34833, 31774, 663, 0, 3, 3, 15, 1500, 34830, 31771, 663, 0, 0, 0]"
1.7000000000000006,"[18, 0, 1500, 49768, 48928, 1573, 5, 8217, 7747, 1, 1500, 42021, 40587, 978, 4, 2783, 2700, 2, 1500, 39321, 37750, 840, 3, 1246, 1224, 3, 1500, 38097, 36470, 784, 3, 638, 631, 4, 1500, 37466, 35814, 758, 2, 348, 344, 5, 1500, 37122, 35455, 743, 2, 192, 191, 6, 1500, 36931, 35260, 739, 2, 108, 107, 7, 1500, 36824, 35150, 736, 2, 56, 56, 8, 1500, 36768, 35090, 732, 2, 41, 41, 9, 1500, 36727, 35047, 730, 2, 24, 24, 10, 1500, 36703, 35023, 730, 2, 18, 18, 11, 1500, 36685, 35005, 730, 2, 15, 15, 12, 1500, 36670, 34989, 729, 2, 13, 12, 13, 1500, 36658, 34976, 728, 2, 5, 5, 14, 1500, 36653, 34971, 728, 2, 2, 2, 15, 1500, 36651, 34969, 728, 2, 1, 1, 16, 1500, 36650, 34968, 728, 2, 2, 2, 17, 1500, 36648, 34966, 728, 2, 1, 1, 18, 1500, 36647, 34965, 728, 2, 0, 0]"
1.7100000000000006,"[18, 0, 1500, 49529, 48227, 1616, 3, 8496, 7993, 1, 1500, 41536, 39633, 1014, 2, 2865, 2787, 2, 1500, 38749, 36696, 863, 1, 1314, 1281, 3, 1500, 37468, 35344, 792, 1, 679, 677, 4, 1500, 36791, 34632, 757, 1, 375, 373, 5, 1500, 36418, 34241, 739, 1, 238, 236, 6, 1500, 36182, 33999, 733, 1, 148, 147, 7, 1500, 36035, 33850, 731, 1, 105, 105, 8, 1500, 35930, 33742, 728, 1, 63, 63, 9, 1500, 35867, 33678, 727, 1, 45, 45, 10, 1500, 35822, 33632, 726, 1, 18, 18, 11, 1500, 35804, 33613, 725, 1, 11, 11, 12, 1500, 35793, 33600, 723, 1, 4, 4, 13, 1500, 35789, 33596, 723, 1, 2, 2, 14, 1500, 35787, 33594, 723, 1, 1, 1, 15, 1500, 35786, 33593, 723, 1, 1, 1, 16, 1500, 35785, 33592, 723, 1, 1, 1, 17, 1500, 35784, 33591, 723, 1, 1, 1, 18, 1500, 35783, 33590, 723, 1, 0, 0]"
1.7200000000000006,"[17, 0, 1500, 49607, 48044, 1575, 4, 8533, 8011, 1, 1500, 41596, 39467, 1005, 0, 2937, 2866, 2, 1500, 38730, 36463, 867, 0, 1356, 1337, 3, 1500, 37393, 35058, 799, 0, 741, 734, 4, 1500, 36659, 34285, 760, 0, 426, 422, 5, 1500, 36237, 33840, 737, 0, 242, 241, 6, 1500, 35996, 33580, 718, 0, 129, 129, 7, 1500, 35867, 33448, 715, 0, 90, 90, 8, 1500, 35777, 33354, 711, 0, 54, 54, 9, 1500, 35723, 33296, 707, 0, 32, 32, 10, 1500, 35691, 33262, 705, 0, 19, 19, 11, 1500, 35672, 33241, 703, 0, 6, 6, 12, 1500, 35666, 33235, 703, 0, 3, 3, 13, 1500, 35663, 33232, 703, 0, 4, 4, 14, 1500, 35659, 33228, 703, 0, 2, 2, 15, 1500, 35657, 33226, 703, 0, 1, 1, 16, 1500, 35656, 33225, 703, 0, 1, 1, 17, 1500, 35655, 33224, 703, 0, 0, 0]"
1.7300000000000006,"[17, 0, 1500, 50321, 50356, 1677, 1, 7991, 7581, 1, 1500, 42740, 42210, 1112, 1, 2692, 2631, 2, 1500, 40109, 39450, 983, 1, 1145, 1130, 3, 1500, 38979, 38263, 925, 0, 548, 542, 4, 1500, 38437, 37696, 900, 0, 290, 288, 5, 1500, 38149, 37392, 884, 0, 166, 166, 6, 1500, 37983, 37220, 878, 0, 91, 91, 7, 1500, 37892, 37123, 872, 0, 61, 61, 8, 1500, 37831, 37059, 869, 0, 46, 46, 9, 1500, 37785, 37013, 869, 0, 23, 23, 10, 1500, 37762, 36988, 867, 0, 10, 10, 11, 1500, 37752, 36976, 865, 0, 4, 4, 12, 1500, 37748, 36971, 864, 0, 2, 2, 13, 1500, 37746, 36968, 863, 0, 1, 1, 14, 1500, 37745, 36967, 863, 0, 1, 1, 15, 1500, 37744, 36966, 863, 0, 1, 1, 16, 1500, 37743, 36965, 863, 0, 1, 1, 17, 1500, 37742, 36964, 863, 0, 0, 0]"
1.7400000000000007,"[21, 0, 1500, 50458, 50808, 1674, 2, 7855, 7442, 1, 1500, 43016, 42815, 1123, 2, 2563, 2503, 2, 1500, 40513, 40184, 994, 1, 1106, 1089, 3, 1500, 39424, 39036, 935, 1, 501, 499, 4, 1500, 38925, 38509, 907, 1, 251, 249, 5, 1500, 38676, 38248, 895, 1, 139, 137, 6, 1500, 38539, 38100, 884, 1, 82, 82, 7, 1500, 38457, 38017, 883, 1, 45, 45, 8, 1500, 38412, 37972, 883, 1, 27, 27, 9, 1500, 38385, 37942, 880, 1, 16, 16, 10, 1500, 38369, 37926, 880, 1, 11, 11, 11, 1500, 38358, 37913, 878, 1, 6, 6, 12, 1500, 38352, 37906, 877, 1, 2, 2, 13, 1500, 38350, 37904, 877, 1, 1, 1, 14, 1500, 38349, 37903, 877, 1, 2, 2, 15, 1500, 38347, 37901, 877, 1, 1, 1, 16, 1500, 38346, 37900, 877, 1, 1, 1, 17, 1500, 38345, 37899, 877, 1, 1, 1, 18, 1500, 38344, 37898, 877, 1, 2, 2, 19, 1500, 38342, 37896, 877, 1, 1, 1, 20, 1500, 38341, 37895, 877, 1, 1, 1, 21, 1500, 38340, 37894, 877, 1, 0, 0]"
1.7500000000000007,"[12, 0, 1500, 51029, 52872, 1844, 2, 7652, 7254, 1, 1500, 43775, 45068, 1293, 1, 2383, 2329, 2, 1500, 41446, 42585, 1139, 1, 964, 962, 3, 1500, 40484, 41561, 1077, 1, 458, 452, 4, 1500, 40032, 41081, 1049, 1, 226, 226, 5, 1500, 39806, 40840, 1034, 1, 99, 99, 6, 1500, 39707, 40738, 1031, 1, 58, 58, 7, 1500, 39649, 40678, 1029, 1, 24, 24, 8, 1500, 39625, 40654, 1029, 1, 18, 17, 9, 1500, 39608, 40637, 1029, 1, 5, 5, 10, 1500, 39603, 40632, 1029, 1, 1, 1, 11, 1500, 39602, 40631, 1029, 1, 1, 1, 12, 1500, 39601, 40630, 1029, 1, 0, 0]"
1.7600000000000007,"[15, 0, 1500, 51147, 52816, 1861, 2, 7633, 7297, 1, 1500, 43850, 44952, 1293, 1, 2400, 2349, 2, 1500, 41501, 42459, 1149, 1, 993, 978, 3, 1500, 40523, 41428, 1096, 1, 492, 486, 4, 1500, 40037, 40917, 1071, 1, 220, 220, 5, 1500, 39817, 40685, 1059, 1, 120, 120, 6, 1500, 39697, 40556, 1050, 1, 63, 62, 7, 1500, 39635, 40491, 1047, 1, 36, 36, 8, 1500, 39599, 40453, 1045, 1, 17, 17, 9, 1500, 39582, 40435, 1044, 1, 9, 9, 10, 1500, 39573, 40424, 1042, 1, 5, 5, 11, 1500, 39568, 40418, 1041, 1, 1, 1, 12, 1500, 39567, 40417, 1041, 1, 1, 1, 13, 1500, 39566, 40416, 1041, 1, 1, 1, 14, 1500, 39565, 40415, 1041, 1, 1, 1, 15, 1500, 39564, 40414, 1041, 1, 0, 0]"
1.7700000000000007,"[15, 0, 1500, 51439, 53463, 1820, 4, 7732, 7313, 1, 1500, 44126, 45603, 1272, 3, 2432, 2385, 2, 1500, 41741, 43067, 1120, 2, 1004, 997, 3, 1500, 40744, 42010, 1060, 2, 452, 449, 4, 1500, 40295, 41532, 1031, 2, 227, 227, 5, 1500, 40068, 41296, 1022, 2, 109, 109, 6, 1500, 39959, 41183, 1018, 2, 58, 58, 7, 1500, 39901, 41124, 1017, 2, 30, 30, 8, 1500, 39871, 41094, 1017, 2, 19, 19, 9, 1500, 39852, 41073, 1015, 2, 8, 8, 10, 1500, 39844, 41065, 1015, 2, 5, 5, 11, 1500, 39839, 41060, 1015, 2, 3, 3, 12, 1500, 39836, 41057, 1015, 2, 1, 1, 13, 1500, 39835, 41056, 1015, 2, 1, 1, 14, 1500, 39834, 41055, 1015, 2, 1, 1, 15, 1500, 39833, 41054, 1015, 2, 0, 0]"
1.7800000000000007,"[13, 0, 1500, 51932, 54891, 1978, 5, 7422, 7090, 1, 1500, 44842, 47228, 1400, 0, 2213, 2169, 2, 1500, 42673, 44936, 1277, 0, 845, 832, 3, 1500, 41841, 44049, 1222, 0, 357, 354, 4, 1500, 41487, 43679, 1206, 0, 155, 155, 5, 1500, 41332, 43519, 1201, 0, 82, 82, 6, 1500, 41250, 43435, 1199, 0, 42, 42, 7, 1500, 41208, 43393, 1199, 0, 23, 23, 8, 1500, 41185, 43369, 1198, 0, 7, 7, 9, 1500, 41178, 43362, 1198, 0, 7, 7, 10, 1500, 41171, 43353, 1196, 0, 3, 3, 11, 1500, 41168, 43350, 1196, 0, 4, 4, 12, 1500, 41164, 43346, 1196, 0, 1, 1, 13, 1500, 41163, 43345, 1196, 0, 0, 0]"
1.7900000000000007,"[10, 0, 1500, 52030, 55430, 1981, 3, 7340, 7009, 1, 1500, 45021, 47819, 1378, 2, 2145, 2109, 2, 1500, 42912, 45575, 1242, 1, 795, 788, 3, 1500, 42124, 44743, 1198, 1, 331, 331, 4, 1500, 41793, 44393, 1179, 1, 159, 158, 5, 1500, 41635, 44228, 1172, 1, 71, 71, 6, 1500, 41564, 44151, 1166, 1, 37, 37, 7, 1500, 41527, 44113, 1165, 1, 15, 15, 8, 1500, 41512, 44098, 1165, 1, 5, 5, 9, 1500, 41507, 44093, 1165, 1, 1, 1, 10, 1500, 41506, 44092, 1165, 1, 0, 0]"
1.8000000000000007,"[10, 0, 1500, 52315, 56624, 2114, 2, 7136, 6814, 1, 1500, 45501, 49284, 1588, 2, 2076, 2037, 2, 1500, 43464, 47103, 1443, 1, 764, 755, 3, 1500, 42709, 46291, 1386, 1, 352, 351, 4, 1500, 42358, 45919, 1365, 1, 152, 151, 5, 1500, 42207, 45759, 1356, 1, 77, 77, 6, 1500, 42130, 45679, 1353, 1, 36, 36, 7, 1500, 42094, 45639, 1349, 1, 20, 20, 8, 1500, 42074, 45618, 1348, 1, 10, 10, 9, 1500, 42064, 45608, 1348, 1, 2, 2, 10, 1500, 42062, 45606, 1348, 1, 0, 0]"
1.8100000000000007,"[14, 0, 1500, 52206, 56390, 2139, 3, 7232, 6954, 1, 1500, 45252, 48841, 1542, 1, 2085, 2052, 2, 1500, 43200, 46649, 1402, 1, 823, 819, 3, 1500, 42381, 45777, 1349, 1, 329, 328, 4, 1500, 42053, 45432, 1332, 1, 138, 138, 5, 1500, 41915, 45286, 1324, 1, 62, 62, 6, 1500, 41853, 45218, 1318, 1, 31, 31, 7, 1500, 41822, 45185, 1316, 1, 17, 17, 8, 1500, 41805, 45166, 1314, 1, 6, 6, 9, 1500, 41799, 45160, 1314, 1, 2, 2, 10, 1500, 41797, 45158, 1314, 1, 2, 2, 11, 1500, 41795, 45156, 1314, 1, 1, 1, 12, 1500, 41794, 45155, 1314, 1, 2, 2, 13, 1500, 41792, 45153, 1314, 1, 2, 2, 14, 1500, 41790, 45151, 1314, 1, 0, 0]"
1.8200000000000007,"[11, 0, 1500, 52580, 57070, 2119, 0, 7177, 6858, 1, 1500, 45722, 49616, 1523, 0, 1974, 1941, 2, 1500, 43781, 47530, 1378, 0, 735, 732, 3, 1500, 43049, 46749, 1329, 0, 292, 289, 4, 1500, 42760, 46453, 1322, 0, 150, 149, 5, 1500, 42611, 46298, 1316, 0, 62, 62, 6, 1500, 42549, 46231, 1311, 0, 25, 25, 7, 1500, 42524, 46206, 1311, 0, 16, 16, 8, 1500, 42508, 46187, 1308, 0, 3, 3, 9, 1500, 42505, 46184, 1308, 0, 4, 4, 10, 1500, 42501, 46178, 1306, 0, 1, 1, 11, 1500, 42500, 46175, 1304, 0, 0, 0]"
1.8300000000000007,"[10, 0, 1500, 53157, 59352, 2392, 3, 6841, 6562, 1, 1500, 46595, 52187, 1787, 1, 1825, 1796, 2, 1500, 44799, 50250, 1646, 1, 635, 634, 3, 1500, 44165, 49570, 1600, 1, 229, 229, 4, 1500, 43936, 49328, 1587, 1, 86, 86, 5, 1500, 43850, 49239, 1584, 1, 40, 39, 6, 1500, 43811, 49197, 1581, 1, 19, 19, 7, 1500, 43792, 49175, 1578, 1, 8, 8, 8, 1500, 43784, 49166, 1577, 1, 1, 1, 9, 1500, 43783, 49165, 1577, 1, 1, 1, 10, 1500, 43782, 49164, 1577, 1, 0, 0]"
1.8400000000000007,"[10, 0, 1500, 53554, 60916, 2451, 1, 6570, 6316, 1, 1500, 47238, 54004, 1855, 1, 1696, 1662, 2, 1500, 45576, 52200, 1712, 0, 510, 508, 3, 1500, 45068, 51651, 1671, 0, 200, 200, 4, 1500, 44868, 51440, 1660, 0, 66, 66, 5, 1500, 44802, 51371, 1657, 0, 23, 23, 6, 1500, 44779, 51346, 1655, 0, 12, 12, 7, 1500, 44767, 51333, 1654, 0, 4, 4, 8, 1500, 44763, 51329, 1654, 0, 3, 3, 9, 1500, 44760, 51326, 1654, 0, 1, 1, 10, 1500, 44759, 51325, 1654, 0, 0, 0]"
1.8500000000000008,"[11, 0, 1500, 53491, 60228, 2314, 3, 6645, 6380, 1, 1500, 47111, 53320, 1786, 3, 1757, 1733, 2, 1500, 45378, 51448, 1646, 2, 599, 597, 3, 1500, 44781, 50805, 1600, 2, 241, 240, 4, 1500, 44541, 50547, 1581, 1, 96, 96, 5, 1500, 44445, 50447, 1577, 1, 27, 27, 6, 1500, 44418, 50419, 1576, 1, 9, 9, 7, 1500, 44409, 50410, 1576, 1, 2, 2, 8, 1500, 44407, 50408, 1576, 1, 1, 1, 9, 1500, 44406, 50407, 1576, 1, 1, 1, 10, 1500, 44405, 50406, 1576, 1, 1, 1, 11, 1500, 44404, 50405, 1576, 1, 0, 0]"
1.8600000000000008,"[13, 0, 1500, 53775, 61333, 2495, 5, 6669, 6418, 1, 1500, 47357, 54277, 1854, 2, 1740, 1714, 2, 1500, 45643, 52423, 1714, 2, 569, 563, 3, 1500, 45080, 51800, 1654, 2, 170, 169, 4, 1500, 44911, 51621, 1644, 2, 59, 59, 5, 1500, 44852, 51558, 1640, 2, 20, 20, 6, 1500, 44832, 51536, 1638, 2, 8, 8, 7, 1500, 44824, 51528, 1638, 2, 6, 6, 8, 1500, 44818, 51521, 1637, 2, 3, 3, 9, 1500, 44815, 51518, 1637, 2, 2, 2, 10, 1500, 44813, 51516, 1637, 2, 1, 1, 11, 1500, 44812, 51515, 1637, 2, 2, 2, 12, 1500, 44810, 51513, 1637, 2, 1, 1, 13, 1500, 44809, 51512, 1637, 2, 0, 0]"
1.8700000000000008,"[12, 0, 1500, 54253, 63185, 2617, 2, 6347, 6120, 1, 1500, 48133, 56482, 2034, 2, 1594, 1583, 2, 1500, 46550, 54754, 1889, 2, 491, 490, 3, 1500, 46060, 54233, 1858, 2, 184, 184, 4, 1500, 45876, 54037, 1846, 2, 71, 71, 5, 1500, 45805, 53961, 1841, 2, 24, 24, 6, 1500, 45781, 53936, 1840, 2, 13, 13, 7, 1500, 45768, 53923, 1840, 2, 6, 6, 8, 1500, 45762, 53916, 1839, 2, 2, 2, 9, 1500, 45760, 53914, 1839, 2, 1, 1, 10, 1500, 45759, 53913, 1839, 2, 1, 1, 11, 1500, 45758, 53912, 1839, 2, 1, 1, 12, 1500, 45757, 53911, 1839, 2, 0, 0]"
1.8800000000000008,"[10, 0, 1500, 54964, 65302, 2824, 3, 6041, 5852, 1, 1500, 49112, 58848, 2221, 2, 1463, 1443, 2, 1500, 47669, 57271, 2087, 2, 395, 394, 3, 1500, 47275, 56850, 2060, 2, 123, 123, 4, 1500, 47152, 56721, 2054, 2, 35, 35, 5, 1500, 47117, 56684, 2052, 2, 13, 13, 6, 1500, 47104, 56671, 2052, 2, 5, 5, 7, 1500, 47099, 56666, 2052, 2, 1, 1, 8, 1500, 47098, 56665, 2052, 2, 1, 1, 9, 1500, 47097, 56664, 2052, 2, 1, 1, 10, 1500, 47096, 56662, 2051, 2, 0, 0]"
1.8900000000000008,"[10, 0, 1500, 55044, 66134, 2903, 10, 5997, 5797, 1, 1500, 49247, 59760, 2323, 7, 1331, 1318, 2, 1500, 47929, 58303, 2182, 5, 377, 373, 3, 1500, 47556, 57912, 2164, 5, 109, 109, 4, 1500, 47447, 57793, 2154, 5, 32, 32, 5, 1500, 47415, 57758, 2151, 5, 13, 13, 6, 1500, 47402, 57744, 2150, 5, 5, 5, 7, 1500, 47397, 57739, 2150, 5, 2, 2, 8, 1500, 47395, 57737, 2150, 5, 2, 2, 9, 1500, 47393, 57735, 2150, 5, 1, 1, 10, 1500, 47392, 57734, 2150, 5, 0, 0]"
1.9000000000000008,"[9, 0, 1500, 54955, 65399, 2829, 2, 6086, 5891, 1, 1500, 49064, 58921, 2241, 1, 1455, 1440, 2, 1500, 47624, 57355, 2115, 1, 412, 411, 3, 1500, 47213, 56899, 2070, 1, 124, 124, 4, 1500, 47089, 56762, 2057, 1, 44, 44, 5, 1500, 47045, 56714, 2052, 0, 16, 16, 6, 1500, 47029, 56697, 2051, 0, 4, 4, 7, 1500, 47025, 56693, 2051, 0, 2, 2, 8, 1500, 47023, 56691, 2051, 0, 1, 1, 9, 1500, 47022, 56690, 2051, 0, 0, 0]"
1.9100000000000008,"[7, 0, 1500, 55275, 66403, 2818, 5, 5944, 5735, 1, 1500, 49540, 60049, 2198, 4, 1325, 1310, 2, 1500, 48230, 58614, 2072, 3, 379, 378, 3, 1500, 47852, 58211, 2047, 3, 126, 126, 4, 1500, 47726, 58076, 2038, 3, 45, 45, 5, 1500, 47681, 58028, 2035, 3, 12, 12, 6, 1500, 47669, 58011, 2030, 3, 2, 2, 7, 1500, 47667, 58009, 2030, 3, 0, 0]"
1.9200000000000008,"[7, 0, 1500, 56104, 70396, 3354, 5, 5313, 5187, 1, 1500, 50917, 64631, 2774, 3, 1102, 1094, 2, 1500, 49823, 63420, 2657, 3, 306, 306, 3, 1500, 49517, 63082, 2624, 2, 72, 72, 4, 1500, 49445, 63001, 2615, 2, 25, 25, 5, 1500, 49420, 62973, 2612, 2, 11, 11, 6, 1500, 49409, 62961, 2611, 2, 2, 2, 7, 1500, 49407, 62959, 2611, 2, 0, 0]"
1.9300000000000008,"[7, 0, 1500, 55976, 69387, 3158, 5, 5656, 5497, 1, 1500, 50479, 63324, 2591, 4, 1233, 1223, 2, 1500, 49256, 61987, 2477, 4, 317, 316, 3, 1500, 48940, 61637, 2443, 4, 92, 92, 4, 1500, 48848, 61536, 2434, 4, 34, 34, 5, 1500, 48814, 61499, 2431, 4, 5, 5, 6, 1500, 48809, 61494, 2431, 4, 2, 2, 7, 1500, 48807, 61491, 2430, 4, 0, 0]"
1.9400000000000008,"[8, 0, 1500, 56613, 71849, 3432, 7, 5266, 5165, 1, 1500, 51448, 66102, 2849, 6, 1038, 1028, 2, 1500, 50420, 64971, 2746, 6, 272, 272, 3, 1500, 50148, 64669, 2716, 6, 67, 66, 4, 1500, 50082, 64602, 2715, 6, 21, 21, 5, 1500, 50061, 64579, 2713, 6, 3, 3, 6, 1500, 50058, 64576, 2713, 6, 1, 1, 7, 1500, 50057, 64575, 2713, 6, 1, 1, 8, 1500, 50056, 64573, 2712, 6, 0, 0]"
1.9500000000000008,"[7, 0, 1500, 56612, 71099, 3369, 5, 5504, 5372, 1, 1500, 51240, 65109, 2750, 4, 1118, 1111, 2, 1500, 50129, 63869, 2621, 4, 310, 310, 3, 1500, 49819, 63535, 2597, 4, 83, 83, 4, 1500, 49736, 63447, 2592, 4, 32, 32, 5, 1500, 49704, 63415, 2592, 4, 10, 10, 6, 1500, 49694, 63405, 2592, 4, 1, 1, 7, 1500, 49693, 63404, 2592, 4, 0, 0]"
1.9600000000000009,"[7, 0, 1500, 57376, 74828, 3669, 8, 5058, 4929, 1, 1500, 52447, 69312, 3082, 8, 899, 891, 2, 1500, 51556, 68334, 2995, 8, 199, 198, 3, 1500, 51358, 68116, 2975, 8, 45, 45, 4, 1500, 51313, 68065, 2969, 8, 10, 10, 5, 1500, 51303, 68054, 2968, 8, 3, 3, 6, 1500, 51300, 68051, 2968, 8, 1, 1, 7, 1500, 51299, 68050, 2968, 8, 0, 0]"
1.9700000000000009,"[6, 0, 1500, 57362, 74143, 3679, 13, 5246, 5118, 1, 1500, 52244, 68446, 3094, 7, 953, 946, 2, 1500, 51298, 67402, 2995, 6, 242, 240, 3, 1500, 51058, 67131, 2964, 6, 47, 47, 4, 1500, 51011, 67076, 2956, 6, 7, 7, 5, 1500, 51004, 67069, 2956, 6, 1, 1, 6, 1500, 51003, 67068, 2956, 6, 0, 0]"
1.9800000000000009,"[7, 0, 1500, 57538, 74711, 3661, 5, 5030, 4915, 1, 1500, 52623, 69193, 3056, 3, 935, 930, 2, 1500, 51693, 68147, 2939, 2, 225, 225, 3, 1500, 51468, 67895, 2912, 2, 51, 51, 4, 1500, 51417, 67836, 2904, 2, 12, 12, 5, 1500, 51405, 67823, 2903, 2, 6, 6, 6, 1500, 51399, 67817, 2903, 2, 1, 1, 7, 1500, 51398, 67816, 2903, 2, 0, 0]"
1.9900000000000009,"[6, 0, 1500, 57332, 74666, 3877, 2, 5236, 5112, 1, 1500, 52220, 68925, 3248, 2, 999, 996, 2, 1500, 51224, 67827, 3145, 1, 237, 237, 3, 1500, 50987, 67571, 3126, 1, 64, 64, 4, 1500, 50923, 67503, 3122, 1, 18, 18, 5, 1500, 50905, 67482, 3119, 1, 3, 3, 6, 1500, 50902, 67479, 3119, 1, 0, 0]"
2.000000000000001,"[6, 0, 1500, 57819, 75942, 3737, 5, 4940, 4833, 1, 1500, 52986, 70512, 3139, 4, 923, 919, 2, 1500, 52067, 69493, 3039, 4, 202, 201, 3, 1500, 51866, 69270, 3017, 4, 40, 40, 4, 1500, 51826, 69225, 3012, 4, 11, 11, 5, 1500, 51815, 69214, 3012, 4, 2, 2, 6, 1500, 51813, 69211, 3011, 4, 0, 0]"
2.0100000000000007,"[9, 0, 1500, 58233, 77973, 3997, 7, 4677, 4565, 1, 1500, 53668, 72822, 3409, 5, 773, 771, 2, 1500, 52897, 71953, 3311, 5, 164, 164, 3, 1500, 52733, 71773, 3294, 4, 35, 35, 4, 1500, 52698, 71736, 3292, 4, 7, 7, 5, 1500, 52691, 71729, 3292, 4, 4, 4, 6, 1500, 52687, 71725, 3292, 4, 5, 5, 7, 1500, 52682, 71720, 3292, 4, 2, 2, 8, 1500, 52680, 71718, 3292, 4, 1, 1, 9, 1500, 52679, 71717, 3292, 4, 0, 0]"
2.0200000000000005,"[5, 0, 1500, 58826, 80543, 4346, 8, 4497, 4403, 1, 1500, 54423, 75570, 3775, 7, 734, 732, 2, 1500, 53691, 74759, 3696, 7, 154, 154, 3, 1500, 53537, 74587, 3678, 7, 32, 32, 4, 1500, 53505, 74553, 3676, 7, 7, 7, 5, 1500, 53498, 74546, 3676, 7, 0, 0]"
2.0300000000000002,"[5, 0, 1500, 59061, 81762, 4437, 11, 4372, 4275, 1, 1500, 54786, 76894, 3843, 10, 689, 686, 2, 1500, 54100, 76133, 3768, 10, 141, 140, 3, 1500, 53960, 75977, 3752, 10, 27, 27, 4, 1500, 53933, 75945, 3747, 10, 5, 5, 5, 1500, 53928, 75940, 3747, 10, 0, 0]"
2.04,"[5, 0, 1500, 59445, 82742, 4498, 4, 4283, 4209, 1, 1500, 55236, 77957, 3921, 3, 643, 640, 2, 1500, 54596, 77227, 3831, 3, 107, 107, 3, 1500, 54489, 77102, 3813, 3, 21, 21, 4, 1500, 54468, 77078, 3810, 3, 3, 3, 5, 1500, 54465, 77075, 3810, 3, 0, 0]"
2.05,"[6, 0, 1500, 59325, 82090, 4490, 13, 4393, 4319, 1, 1500, 55006, 77232, 3949, 11, 715, 712, 2, 1500, 54294, 76422, 3850, 10, 148, 148, 3, 1500, 54146, 76262, 3838, 10, 36, 36, 4, 1500, 54110, 76222, 3834, 10, 6, 6, 5, 1500, 54104, 76216, 3834, 10, 1, 1, 6, 1500, 54103, 76215, 3834, 10, 0, 0]"
2.0599999999999996,"[6, 0, 1500, 59828, 84857, 4832, 19, 4106, 4033, 1, 1500, 55795, 80274, 4280, 17, 581, 581, 2, 1500, 55214, 79617, 4203, 16, 99, 99, 3, 1500, 55115, 79512, 4197, 16, 20, 20, 4, 1500, 55095, 79489, 4194, 16, 4, 4, 5, 1500, 55091, 79484, 4193, 16, 1, 1, 6, 1500, 55090, 79481, 4191, 16, 0, 0]"
2.0699999999999994,"[5, 0, 1500, 59616, 83598, 4698, 11, 4217, 4146, 1, 1500, 55470, 78879, 4122, 8, 631, 628, 2, 1500, 54842, 78182, 4053, 8, 122, 122, 3, 1500, 54720, 78043, 4036, 8, 30, 30, 4, 1500, 54690, 78010, 4033, 8, 3, 3, 5, 1500, 54687, 78005, 4031, 8, 0, 0]"
2.079999999999999,"[5, 0, 1500, 60285, 86671, 5011, 16, 3974, 3914, 1, 1500, 56371, 82212, 4462, 12, 573, 569, 2, 1500, 55802, 81556, 4375, 12, 76, 76, 3, 1500, 55726, 81475, 4370, 12, 8, 8, 4, 1500, 55718, 81465, 4368, 12, 2, 2, 5, 1500, 55716, 81462, 4367, 12, 0, 0]"
2.089999999999999,"[6, 0, 1500, 60572, 87575, 5122, 15, 3957, 3893, 1, 1500, 56679, 83099, 4537, 13, 544, 543, 2, 1500, 56136, 82485, 4466, 13, 82, 82, 3, 1500, 56054, 82396, 4459, 13, 16, 16, 4, 1500, 56038, 82377, 4456, 13, 4, 4, 5, 1500, 56034, 82373, 4456, 13, 1, 1, 6, 1500, 56033, 82372, 4456, 13, 0, 0]"
2.0999999999999988,"[6, 0, 1500, 60723, 88292, 5130, 17, 3879, 3826, 1, 1500, 56897, 83923, 4584, 14, 496, 495, 2, 1500, 56402, 83374, 4529, 13, 68, 68, 3, 1500, 56334, 83298, 4521, 13, 12, 12, 4, 1500, 56322, 83285, 4520, 13, 2, 2, 5, 1500, 56320, 83283, 4520, 13, 1, 1, 6, 1500, 56319, 83280, 4518, 13, 0, 0]"
2.1099999999999985,"[5, 0, 1500, 61040, 90034, 5339, 7, 3699, 3647, 1, 1500, 57393, 85728, 4679, 6, 431, 429, 2, 1500, 56964, 85238, 4618, 6, 61, 61, 3, 1500, 56903, 85169, 4610, 6, 5, 5, 4, 1500, 56898, 85164, 4610, 6, 1, 1, 5, 1500, 56897, 85163, 4610, 6, 0, 0]"
2.1199999999999983,"[4, 0, 1500, 61456, 91805, 5676, 16, 3598, 3562, 1, 1500, 57894, 87674, 5103, 12, 419, 419, 2, 1500, 57475, 87196, 5044, 12, 63, 63, 3, 1500, 57412, 87117, 5028, 12, 5, 5, 4, 1500, 57407, 87112, 5028, 12, 0, 0]"
2.129999999999998,"[5, 0, 1500, 61838, 93125, 5746, 16, 3453, 3420, 1, 1500, 58418, 89101, 5139, 13, 427, 426, 2, 1500, 57992, 88616, 5080, 13, 69, 69, 3, 1500, 57923, 88541, 5074, 13, 8, 8, 4, 1500, 57915, 88531, 5072, 13, 1, 1, 5, 1500, 57914, 88530, 5072, 13, 0, 0]"
2.139999999999998,"[4, 0, 1500, 61697, 92478, 5629, 23, 3547, 3498, 1, 1500, 58199, 88454, 5100, 20, 393, 392, 2, 1500, 57807, 87993, 5031, 20, 52, 52, 3, 1500, 57755, 87926, 5015, 19, 10, 10, 4, 1500, 57745, 87915, 5014, 19, 0, 0]"
2.1499999999999977,"[4, 0, 1500, 62515, 96469, 6189, 19, 3248, 3206, 1, 1500, 59309, 92727, 5649, 15, 372, 372, 2, 1500, 58937, 92290, 5584, 15, 44, 44, 3, 1500, 58893, 92232, 5570, 15, 2, 2, 4, 1500, 58891, 92230, 5570, 15, 0, 0]"
2.1599999999999975,"[4, 0, 1500, 62324, 95613, 6174, 14, 3321, 3271, 1, 1500, 59053, 91775, 5606, 13, 365, 365, 2, 1500, 58688, 91342, 5538, 13, 46, 46, 3, 1500, 58642, 91289, 5531, 13, 3, 3, 4, 1500, 58639, 91285, 5530, 13, 0, 0]"
2.1699999999999973,"[5, 0, 1500, 62877, 98338, 6459, 21, 3147, 3104, 1, 1500, 59773, 94694, 5914, 16, 341, 341, 2, 1500, 59432, 94295, 5856, 16, 46, 46, 3, 1500, 59386, 94240, 5847, 16, 8, 8, 4, 1500, 59378, 94232, 5847, 16, 1, 1, 5, 1500, 59377, 94231, 5847, 16, 0, 0]"
2.179999999999997,"[4, 0, 1500, 63353, 100080, 6632, 27, 3047, 3003, 1, 1500, 60350, 96570, 6124, 26, 305, 305, 2, 1500, 60045, 96208, 6067, 26, 39, 39, 3, 1500, 60006, 96168, 6066, 26, 8, 8, 4, 1500, 59998, 96159, 6065, 26, 0, 0]"
2.189999999999997,"[4, 0, 1500, 63619, 101532, 6871, 18, 2922, 2891, 1, 1500, 60728, 98138, 6366, 16, 273, 273, 2, 1500, 60455, 97800, 6301, 16, 24, 24, 3, 1500, 60431, 97769, 6294, 16, 2, 2, 4, 1500, 60429, 97765, 6292, 16, 0, 0]"
2.1999999999999966,"[5, 0, 1500, 63943, 103393, 7175, 27, 2797, 2768, 1, 1500, 61175, 100094, 6640, 23, 278, 278, 2, 1500, 60897, 99769, 6593, 23, 39, 39, 3, 1500, 60858, 99719, 6582, 23, 6, 6, 4, 1500, 60852, 99711, 6580, 23, 1, 1, 5, 1500, 60851, 99710, 6580, 23, 0, 0]"
2.2099999999999964,"[4, 0, 1500, 64177, 104211, 7231, 28, 2836, 2809, 1, 1500, 61368, 100886, 6712, 25, 259, 259, 2, 1500, 61109, 100575, 6657, 22, 38, 38, 3, 1500, 61071, 100532, 6651, 21, 3, 3, 4, 1500, 61068, 100529, 6651, 21, 0, 0]"
2.219999999999996,"[4, 0, 1500, 64661, 106579, 7594, 27, 2653, 2625, 1, 1500, 62036, 103430, 7068, 25, 241, 241, 2, 1500, 61795, 103153, 7032, 25, 23, 23, 3, 1500, 61772, 103126, 7028, 25, 1, 1, 4, 1500, 61771, 103125, 7028, 25, 0, 0]"
2.229999999999996,"[4, 0, 1500, 65028, 108482, 7788, 23, 2572, 2553, 1, 1500, 62475, 105424, 7282, 22, 212, 212, 2, 1500, 62263, 105176, 7246, 22, 19, 19, 3, 1500, 62244, 105154, 7243, 22, 2, 2, 4, 1500, 62242, 105151, 7242, 22, 0, 0]"
2.2399999999999958,"[4, 0, 1500, 65152, 108639, 7844, 21, 2518, 2495, 1, 1500, 62657, 105634, 7332, 19, 217, 217, 2, 1500, 62440, 105361, 7276, 19, 25, 25, 3, 1500, 62415, 105332, 7272, 19, 3, 3, 4, 1500, 62412, 105327, 7270, 19, 0, 0]"
2.2499999999999956,"[4, 0, 1500, 64742, 107868, 7839, 30, 2581, 2564, 1, 1500, 62178, 104799, 7326, 22, 220, 220, 2, 1500, 61958, 104531, 7278, 22, 27, 27, 3, 1500, 61931, 104497, 7270, 21, 3, 3, 4, 1500, 61928, 104494, 7270, 21, 0, 0]"
2.2599999999999953,"[4, 0, 1500, 65993, 113669, 8824, 22, 2350, 2340, 1, 1500, 63653, 110818, 8308, 17, 183, 183, 2, 1500, 63470, 110598, 8271, 17, 16, 16, 3, 1500, 63454, 110578, 8266, 16, 1, 1, 4, 1500, 63453, 110577, 8266, 16, 0, 0]"
2.269999999999995,"[3, 0, 1500, 65805, 112237, 8223, 22, 2315, 2300, 1, 1500, 63505, 109440, 7721, 17, 172, 172, 2, 1500, 63333, 109238, 7691, 17, 17, 17, 3, 1500, 63316, 109218, 7688, 17, 0, 0]"
2.279999999999995,"[4, 0, 1500, 65855, 112625, 8274, 22, 2448, 2434, 1, 1500, 63421, 109659, 7740, 20, 189, 189, 2, 1500, 63232, 109443, 7713, 20, 18, 18, 3, 1500, 63214, 109424, 7712, 20, 1, 1, 4, 1500, 63213, 109423, 7712, 20, 0, 0]"
2.2899999999999947,"[3, 0, 1500, 66473, 115579, 8735, 29, 2157, 2146, 1, 1500, 64327, 112975, 8274, 26, 150, 150, 2, 1500, 64177, 112804, 8253, 26, 9, 9, 3, 1500, 64168, 112788, 8246, 26, 0, 0]"
2.2999999999999945,"[4, 0, 1500, 66541, 116325, 9010, 26, 2253, 2230, 1, 1500, 64311, 113569, 8481, 23, 155, 155, 2, 1500, 64156, 113371, 8438, 23, 9, 9, 3, 1500, 64147, 113362, 8438, 23, 3, 3, 4, 1500, 64144, 113359, 8438, 23, 0, 0]"
2.3099999999999943,"[5, 0, 1500, 66898, 118243, 9378, 33, 2121, 2097, 1, 1500, 64801, 115669, 8898, 30, 142, 142, 2, 1500, 64659, 115489, 8859, 29, 11, 11, 3, 1500, 64648, 115476, 8857, 29, 2, 2, 4, 1500, 64646, 115474, 8857, 29, 1, 1, 5, 1500, 64645, 115473, 8857, 29, 0, 0]"
2.319999999999994,"[3, 0, 1500, 67594, 122437, 10284, 56, 1990, 1982, 1, 1500, 65612, 119998, 9821, 50, 121, 121, 2, 1500, 65491, 119841, 9784, 49, 6, 6, 3, 1500, 65485, 119835, 9784, 49, 0, 0]"
2.329999999999994,"[3, 0, 1500, 67555, 122273, 10131, 34, 1990, 1981, 1, 1500, 65574, 119844, 9683, 34, 114, 114, 2, 1500, 65460, 119709, 9662, 34, 6, 6, 3, 1500, 65454, 119703, 9662, 34, 0, 0]"
2.3399999999999936,"[4, 0, 1500, 67738, 123022, 10200, 42, 1965, 1951, 1, 1500, 65787, 120624, 9752, 41, 130, 130, 2, 1500, 65657, 120458, 9715, 40, 9, 9, 3, 1500, 65648, 120449, 9715, 40, 1, 1, 4, 1500, 65647, 120448, 9715, 40, 0, 0]"
2.3499999999999934,"[4, 0, 1500, 67710, 122892, 9893, 30, 1926, 1919, 1, 1500, 65791, 120525, 9440, 25, 93, 93, 2, 1500, 65698, 120411, 9419, 25, 8, 8, 3, 1500, 65690, 120398, 9414, 25, 1, 1, 4, 1500, 65689, 120397, 9414, 25, 0, 0]"
2.359999999999993,"[3, 0, 1500, 68619, 127281, 10677, 38, 1763, 1760, 1, 1500, 66859, 125100, 10253, 35, 103, 103, 2, 1500, 66756, 124983, 10239, 35, 9, 9, 3, 1500, 66747, 124968, 10232, 34, 0, 0]"
2.369999999999993,"[3, 0, 1500, 68483, 126409, 10562, 41, 1897, 1880, 1, 1500, 66603, 124071, 10100, 37, 138, 138, 2, 1500, 66465, 123899, 10066, 37, 9, 9, 3, 1500, 66456, 123887, 10063, 37, 0, 0]"
2.379999999999993,"[3, 0, 1500, 69059, 129859, 11243, 41, 1703, 1698, 1, 1500, 67361, 127772, 10851, 38, 76, 76, 2, 1500, 67285, 127684, 10839, 38, 5, 5, 3, 1500, 67280, 127679, 10839, 38, 0, 0]"
2.3899999999999926,"[3, 0, 1500, 69908, 135100, 12357, 60, 1529, 1518, 1, 1500, 68390, 133189, 11961, 57, 74, 74, 2, 1500, 68316, 133096, 11942, 57, 4, 4, 3, 1500, 68312, 133091, 11941, 57, 0, 0]"
2.3999999999999924,"[3, 0, 1500, 69696, 133294, 11777, 54, 1585, 1578, 1, 1500, 68118, 131330, 11387, 50, 83, 83, 2, 1500, 68035, 131225, 11364, 49, 2, 2, 3, 1500, 68033, 131223, 11364, 49, 0, 0]"
2.409999999999992,"[3, 0, 1500, 70142, 136228, 12051, 56, 1458, 1452, 1, 1500, 68690, 134395, 11669, 55, 69, 69, 2, 1500, 68621, 134319, 11662, 55, 5, 5, 3, 1500, 68616, 134310, 11658, 55, 0, 0]"
2.419999999999992,"[3, 0, 1500, 70122, 135782, 12421, 61, 1559, 1556, 1, 1500, 68566, 133820, 12012, 58, 69, 69, 2, 1500, 68497, 133733, 11993, 57, 4, 4, 3, 1500, 68493, 133726, 11990, 57, 0, 0]"
2.4299999999999917,"[5, 0, 1500, 70864, 140488, 13325, 66, 1434, 1430, 1, 1500, 69434, 138677, 12941, 63, 64, 64, 2, 1500, 69370, 138590, 12918, 63, 4, 4, 3, 1500, 69366, 138582, 12914, 63, 1, 1, 4, 1500, 69365, 138581, 12914, 63, 1, 1, 5, 1500, 69364, 138580, 12914, 63, 0, 0]"
2.4399999999999915,"[3, 0, 1500, 71211, 142884, 13659, 53, 1285, 1281, 1, 1500, 69930, 141261, 13314, 50, 56, 56, 2, 1500, 69874, 141197, 13306, 50, 1, 1, 3, 1500, 69873, 141196, 13306, 50, 0, 0]"
2.4499999999999913,"[3, 0, 1500, 71294, 143026, 13516, 57, 1361, 1357, 1, 1500, 69937, 141285, 13129, 54, 61, 61, 2, 1500, 69876, 141212, 13117, 54, 2, 2, 3, 1500, 69874, 141209, 13116, 54, 0, 0]"
2.459999999999991,"[3, 0, 1500, 71297, 143428, 13648, 75, 1295, 1292, 1, 1500, 70005, 141746, 13257, 74, 53, 53, 2, 1500, 69952, 141682, 13246, 74, 1, 1, 3, 1500, 69951, 141681, 13246, 74, 0, 0]"
2.469999999999991,"[3, 0, 1500, 71834, 145839, 14123, 61, 1246, 1237, 1, 1500, 70597, 144269, 13787, 58, 48, 48, 2, 1500, 70549, 144215, 13781, 58, 2, 2, 3, 1500, 70547, 144212, 13780, 58, 0, 0]"
2.4799999999999907,"[4, 0, 1500, 71991, 147986, 14749, 95, 1242, 1241, 1, 1500, 70750, 146402, 14404, 93, 46, 46, 2, 1500, 70704, 146346, 14394, 93, 3, 3, 3, 1500, 70701, 146343, 14394, 93, 1, 1, 4, 1500, 70700, 146342, 14394, 93, 0, 0]"
2.4899999999999904,"[3, 0, 1500, 72272, 148904, 14905, 72, 1191, 1186, 1, 1500, 71086, 147389, 14573, 69, 41, 41, 2, 1500, 71045, 147343, 14568, 69, 2, 2, 3, 1500, 71043, 147341, 14568, 69, 0, 0]"
2.4999999999999902,"[2, 0, 1500, 72550, 151344, 15214, 93, 1103, 1100, 1, 1500, 71450, 149924, 14891, 90, 42, 42, 2, 1500, 71408, 149866, 14874, 89, 0, 0]"
